rank,University,Total Students,student staff ratio,pc of int'l students,female:male ratio
1,University of Oxford,"20,967",10.6,42%,48 : 52
2,Harvard University,"21,887",9.6,25%,50 : 50
=3,University of Cambridge,"20,185",11.3,39%,47 : 53
=3,Stanford University,"16,164",7.1,24%,46 : 54
5,Massachusetts Institute of Technology,"11,415",8.2,33%,40 : 60
6,California Institute of Technology,"2,237",6.2,34%,37 : 63
7,Princeton University,"8,279",8.0,23%,46 : 54
8,"University of California, Berkeley","40,921",18.4,24%,52 : 48
9,Yale University,"13,482",5.9,21%,52 : 48
10,Imperial College London,"18,544",11.2,61%,40 : 60
=11,Columbia University,"21,781",4.5,38%,
=11,ETH Zurich,"21,665",14.8,41%,33 : 67
13,The University of Chicago,"15,366",6.0,36%,47 : 53
14,University of Pennsylvania,"21,453",6.3,23%,53 : 47
15,Johns Hopkins University,"17,584",4.7,29%,53 : 47
16,Tsinghua University,"38,324",11.6,10%,
17,Peking University,"31,994",10.3,19%,
18,University of Toronto,"77,468",25.8,26%,56 : 44
19,National University of Singapore,"32,337",19.8,25%,51 : 49
20,Cornell University,"24,027",10.3,26%,51 : 49
21,"University of California, Los Angeles","42,434",9.7,16%,56 : 44
22,UCL,"36,791",10.4,60%,59 : 41
23,University of Michigan-Ann Arbor,"45,912",8.2,17%,50 : 50
24,New York University,"36,337",9.8,42%,57 : 43
25,Duke University,"16,091",4.2,24%,52 : 48
=26,Northwestern University,"19,175",13.2,20%,51 : 49
=26,University of Washington,"47,727",10.8,18%,55 : 45
28,Carnegie Mellon University,"14,305",12.9,47%,44 : 56
29,University of Edinburgh,"32,844",11.8,47%,62 : 38
30,Technical University of Munich,"33,960",40.6,36%,37 : 63
31,University of Hong Kong,"18,087",18.2,43%,54 : 46
32,"University of California, San Diego","37,030",11.3,28%,48 : 52
33,LMU Munich,"35,003",34.2,19%,61 : 39
34,University of Melbourne,"49,588",23.8,47%,58 : 42
35,King’s College London,"28,967",11.8,52%,63 : 37
36,"Nanyang Technological University, Singapore","24,651",15.1,25%,48 : 52
37,London School of Economics and Political Science,"11,118",11.9,73%,55 : 45
38,Georgia Institute of Technology,"28,826",24.7,40%,33 : 67
39,The University of Tokyo,"26,112",10.5,15%,
40,University of British Columbia,"56,452",18.9,34%,55 : 45
41,Ecole Polytechnique Federale de Lausanne,"11,641",12.3,62%,30 : 70
42,KU Leuven,"47,663",36.5,18%,51 : 49
43,Universitat Heidelberg,"19,347",13.5,21%,55 : 45
44,Monash University,"58,725",42.5,41%,57 : 43
45,Chinese University of Hong Kong,"18,468",19.0,21%,
46,McGill University,"32,309",12.5,30%,60 : 40
47,Paris Sciences et Lettres – PSL Research University Paris,"16,218",15.0,22%,51 : 49
48,University of Illinois at Urbana-Champaign,"48,674",17.4,22%,48 : 52
49,Karolinska Institute,"8,021",9.9,27%,70 : 30
50,University of Texas at Austin,"49,171",17.4,10%,53 : 47
51,Fudan University,"36,318",11.9,9%,52 : 48
52,Shanghai Jiao Tong University,"37,478",11.5,8%,42 : 58
53,The University of Queensland,"41,372",34.2,41%,55 : 45
=54,University of Manchester,"37,036",14.2,44%,55 : 45
=54,The University of Sydney,"45,853",19.0,45%,58 : 42
56,Seoul National University,"26,209",15.1,10%,
57,Washington University in St Louis,"14,420",7.8,24%,53 : 47
58,The Hong Kong University of Science and Technology,"9,864",21.0,32%,
59,Wageningen University & Research,"15,404",18.6,27%,55 : 45
60,University of Amsterdam,"29,157",14.5,32%,59 : 41
61,Brown University,"10,037",10.1,21%,
62,Australian National University,"16,758",14.6,51%,52 : 48
63,"University of California, Davis","37,639",13.1,18%,60 : 40
64,"University of California, Santa Barbara","25,860",28.5,20%,54 : 46
65,University of Southern California,"40,549",12.6,22%,49 : 51
66,Utrecht University,"32,532",17.1,13%,62 : 38
67,Zhejiang University,"46,124",12.0,16%,
68,Kyoto University,"22,269",9.2,12%,25 : 75
69,University of North Carolina at Chapel Hill,"31,080",7.9,8%,59 : 41
70,Delft University of Technology,"20,299",16.1,31%,31 : 69
=71,Boston University,"27,243",10.8,31%,59 : 41
=71,UNSW Sydney,"45,133",36.3,40%,47 : 53
73,Charite - Universitatsmedizin Berlin,"8,429",18.0,21%,64 : 36
74,University of Science and Technology of China,"18,573",8.1,6%,
75,University of Groningen,"30,009",24.4,28%,52 : 48
76,University of Bristol,"25,679",14.6,31%,56 : 44
77,Leiden University,"33,648",19.3,20%,60 : 40
78,Yonsei University (Seoul campus),"19,481",14.7,17%,50 : 50
79,Hong Kong Polytechnic University,"19,046",28.9,30%,51 : 49
80,Erasmus University Rotterdam,"31,668",33.9,22%,53 : 47
81,University of Wisconsin-Madison,"40,701",10.0,14%,
=82,Emory University,"13,190",4.2,20%,60 : 40
=82,University of Glasgow,"28,541",13.5,41%,59 : 41
=82,University of Zurich,"25,003",13.7,22%,56 : 44
85,McMaster University,"26,403",29.0,20%,56 : 44
=86,Humboldt University of Berlin,"34,399",53.2,17%,
=86,University of Tubingen,"20,620",27.5,13%,59 : 41
88,University of Adelaide,"23,102",32.8,32%,49 : 51
89,University of Bonn,"27,210",47.5,17%,56 : 44
90,Sorbonne University,"41,443",13.9,21%,59 : 41
=91,Free University of Berlin,"26,497",41.9,23%,62 : 38
=91,Korea Advanced Institute of Science and Technology (KAIST),"9,946",10.7,9%,21 : 79
93,Universite Paris-Saclay,"44,443",14.9,19%,49 : 51
94,University of Bern,"11,728",17.2,17%,58 : 42
=95,"University of California, Irvine","36,655",16.9,28%,52 : 48
=95,Institut Polytechnique de Paris,"5,999",6.7,41%,24 : 76
=95,Nanjing University,"36,426",16.5,8%,54 : 46
98,Vanderbilt University,"12,696",3.8,15%,55 : 45
=99,City University of Hong Kong,"9,099",12.1,62%,54 : 46
=99,RWTH Aachen University,"39,738",50.0,28%,33 : 67
=101,University of Basel,"8,632",10.9,30%,57 : 43
=101,King Abdulaziz University,"31,545",7.8,22%,54 : 46
=101,University of Minnesota,"61,009",12.0,10%,54 : 46
=104,"University of Maryland, College Park","33,775",16.5,11%,49 : 51
=104,University of Warwick,"23,231",13.1,44%,50 : 50
106,Michigan State University,"45,465",16.0,13%,52 : 48
107,Ghent University,"39,437",35.6,12%,57 : 43
=108,University of Birmingham,"31,822",15.0,34%,58 : 42
=108,University of Southampton,"21,173",13.7,39%,53 : 47
110,University of Helsinki,"23,059",15.8,5%,67 : 33
111,University of Montreal,"38,189",20.8,22%,
112,Ohio State University (Main campus),"55,814",11.8,13%,51 : 49
113,University of Freiburg,"20,253",37.2,17%,53 : 47
=114,University of Copenhagen,"31,519",4.2,16%,62 : 38
=114,Universite Paris Cite,"62,747",17.0,19%,65 : 35
=114,University of Sheffield,"27,464",14.5,41%,53 : 47
117,Aarhus University,"26,475",13.5,10%,55 : 45
118,University of Alberta,"32,338",21.6,28%,
=119,University of Gottingen,"30,221",26.0,14%,52 : 48
=119,Lund University,"28,545",11.5,18%,55 : 45
121,Vrije Universiteit Amsterdam,"29,796",19.8,16%,56 : 44
122,Lancaster University,"14,378",12.8,39%,51 : 49
123,Dartmouth College,"6,440",7.8,15%,49 : 51
=124,Queen Mary University of London,"20,506",13.2,46%,55 : 45
=124,University of Vienna,"35,929",42.9,29%,66 : 34
126,University of Oslo,"21,548",13.3,15%,66 : 34
127,Purdue University West Lafayette,"44,551",16.9,20%,44 : 56
=128,University of Hamburg,"30,676",61.5,12%,58 : 42
=128,University of Leeds,"33,991",14.6,36%,60 : 40
130,University of Nottingham,"32,876",15.1,31%,54 : 46
=131,University of Antwerp,"15,857",32.2,17%,56 : 44
=131,The University of Western Australia,"18,405",21.3,28%,49 : 51
133,University of Technology Sydney,"27,481",35.1,31%,50 : 50
134,Case Western Reserve University,"10,934",8.2,20%,51 : 49
135,University of Lausanne,"13,401",10.2,23%,
136,Georgetown University,"16,074",8.0,19%,54 : 46
=137,University of Exeter,"24,164",15.9,29%,53 : 47
=137,University of Ottawa,"36,670",26.0,24%,58 : 42
=139,University of Auckland,"33,093",22.1,32%,56 : 44
=139,Newcastle University,"25,588",15.1,29%,52 : 48
=139,Radboud University Nijmegen,"21,979",17.6,13%,56 : 44
=139,University of Wurzburg,"23,754",40.7,10%,58 : 42
=139,University of York,"17,666",14.3,28%,56 : 44
144,University of Pittsburgh-Pittsburgh campus,"26,575",5.5,11%,55 : 45
145,Maastricht University,"19,909",18.6,56%,60 : 40
146,University of Cologne,"33,341",30.4,16%,
147,Rice University,"7,068",9.2,28%,43 : 57
=148,University of Colorado Boulder,"34,928",16.0,8%,45 : 55
=148,Ulm University,"10,271",26.2,13%,51 : 49
=148,Uppsala University,"25,548",15.3,17%,62 : 38
=151,University of Florida,"46,807",16.1,8%,56 : 44
=151,Penn State (Main campus),"46,863",14.0,16%,47 : 53
=151,Tufts University,"11,399",10.0,16%,56 : 44
154,University of Rochester,"10,364",7.7,36%,50 : 50
155,KTH Royal Institute of Technology,"13,329",16.4,20%,34 : 66
=156,Arizona State University (Tempe),"50,027",19.6,17%,45 : 55
=156,Technical University of Berlin,"20,243",48.1,27%,35 : 65
=156,TU Dresden,"30,382",30.8,16%,45 : 55
=156,University of Virginia (Main campus),"25,810",9.0,13%,53 : 47
160,University of Cape Town,"21,069",12.8,15%,54 : 46
=161,University of Bologna,"69,831",24.4,12%,56 : 44
=161,Trinity College Dublin,"17,764",21.0,28%,60 : 40
=163,University of Leicester,"14,649",14.1,34%,54 : 46
=163,Lomonosov Moscow State University,"32,625",10.0,36%,50 : 50
=163,Pohang University of Science and Technology (POSTECH),"3,260",10.0,3%,
=166,Southern University of Science and Technology (SUSTech),"5,137",8.8,1%,
=166,Technical University of Denmark,"9,599",6.9,26%,32 : 68
=168,Medical University of Graz,"3,722",14.1,27%,53 : 47
=168,"Northeastern University, US","21,211",14.6,36%,48 : 52
=170,Indiana University,"66,637",12.6,13%,53 : 47
=170,Universite Catholique de Louvain,"24,523",36.0,20%,54 : 46
=170,Sungkyunkwan University (SKKU),"23,399",19.4,18%,
173,Wuhan University,"55,412",15.2,6%,
174,Ulsan National Institute of Science and Technology (UNIST),"3,896",13.6,9%,27 : 73
175,Macquarie University,"30,561",69.0,27%,52 : 48
=176,Huazhong University of Science and Technology,"57,167",16.2,4%,
=176,University of Liverpool,"26,352",14.2,36%,55 : 45
=176,Stockholm University,"30,365",20.7,7%,
179,University of Mannheim,"7,684",58.2,13%,
180,University of Arizona,"39,797",17.0,9%,54 : 46
181,Texas A&M University,"62,931",21.3,8%,47 : 53
182,University of Barcelona,"45,004",15.8,11%,63 : 37
=183,Autonomous University of Barcelona,"31,933",12.7,16%,60 : 40
=183,Scuola Normale Superiore di Pisa,629,7.6,13%,28 : 72
185,University of Munster,"28,014",25.4,7%,
186,Pompeu Fabra University,"11,965",22.4,13%,60 : 40
=187,Cardiff University,"27,107",14.3,28%,59 : 41
=187,National Taiwan University (NTU),"25,215",11.4,11%,42 : 58
=189,Friedrich Schiller University Jena,"16,446",20.6,14%,
=189,Karlsruhe Institute of Technology,"22,673",21.6,20%,29 : 71
191,University of Massachusetts,"63,338",13.2,14%,49 : 51
=192,University of Aberdeen,"13,203",16.2,44%,58 : 42
=192,"University of California, Santa Cruz","19,266",22.6,14%,47 : 53
=194,Medical University of Vienna,"7,274",8.4,33%,50 : 50
=194,University of Miami,"17,009",10.8,16%,53 : 47
=196,University of Erlangen-Nuremberg,"30,303",43.4,13%,51 : 49
=196,Sichuan University,"49,543",15.8,6%,
=198,Durham University,"18,427",14.1,35%,54 : 46
=198,Queen’s University Belfast,"19,061",15.7,39%,57 : 43
=198,University of Reading,"15,720",16.4,32%,56 : 44
201–250,Aalto University,"13,306",19.7,21%,38 : 62
201–250,University of Bergen,"15,202",12.8,10%,60 : 40
201–250,Bielefeld University,"24,875",66.6,7%,58 : 42
201–250,University of Calgary,"33,560",18.7,21%,54 : 46
201–250,Curtin University,"29,999",20.8,31%,52 : 48
201–250,University of Dundee,"13,631",18.3,27%,64 : 36
201–250,University of East Anglia,"15,941",13.3,25%,58 : 42
201–250,Eindhoven University of Technology,"10,240",21.0,24%,
201–250,University of Geneva,"19,078",8.7,40%,62 : 38
201–250,George Washington University,"22,298",12.9,15%,62 : 38
201–250,University of Gothenburg,"20,891",10.7,12%,
201–250,University of Hohenheim,"8,714",39.7,14%,58 : 42
201–250,Humanitas University,"1,823",19.0,18%,59 : 41
201–250,King Fahd University of Petroleum and Minerals,"7,268",8.6,10%,2 : 98
201–250,University of Konstanz,"5,758",24.2,12%,60 : 40
201–250,Korea University,"22,507",15.8,27%,
201–250,Universite Libre de Bruxelles,"28,290",49.3,31%,57 : 43
201–250,University of Luxembourg,"5,185",19.3,51%,53 : 47
201–250,University of Macau,"10,460",15.4,39%,55 : 45
201–250,Macau University of Science and Technology,"11,993",38.1,91%,57 : 43
201–250,Medical University of Innsbruck,"3,244",12.9,43%,54 : 46
201–250,Moscow Institute of Physics and Technology (MIPT),"6,083",11.5,20%,
201–250,University of Newcastle,"24,363",29.5,18%,57 : 43
201–250,University of Notre Dame,"12,401",10.9,13%,46 : 54
201–250,University of Padua,"48,524",29.3,8%,55 : 45
201–250,University of Potsdam,"14,993",39.6,14%,57 : 43
201–250,Qatar University,"9,084",8.8,35%,77 : 23
201–250,Queensland University of Technology,"35,278",37.9,17%,53 : 47
201–250,RCSI University of Medicine and Health Sciences,"2,563",24.2,70%,
201–250,Rutgers University – New Brunswick,"46,158",10.9,17%,53 : 47
201–250,"St George’s, University of London","3,489",13.3,20%,64 : 36
201–250,Sant’Anna School of Advanced Studies – Pisa,"1,100",14.0,19%,41 : 59
201–250,University of Sao Paulo,"82,010",15.9,4%,47 : 53
201–250,Sapienza University of Rome,"72,604",28.2,10%,60 : 40
201–250,Semmelweis University,"9,860",12.2,34%,69 : 31
201–250,University of South Florida,"39,907",18.6,13%,
201–250,University of St Andrews,"9,770",12.3,47%,59 : 41
201–250,University of Surrey,"14,958",16.9,36%,53 : 47
201–250,University of Sussex,"17,791",17.5,37%,55 : 45
201–250,Universita della Svizzera italiana,"3,266",12.5,66%,47 : 53
201–250,University of Tartu,"9,235",12.0,13%,68 : 32
201–250,Tel Aviv University,"23,834",23.0,7%,57 : 43
201–250,Tohoku University,"17,812",12.4,14%,28 : 72
201–250,University College Dublin,"23,361",21.3,31%,
201–250,Vita-Salute San Raffaele University,"3,560",15.1,5%,61 : 39
201–250,Vrije Universiteit Brussel,"14,284",33.6,23%,57 : 43
201–250,University of Waterloo,"34,306",23.2,23%,48 : 52
201–250,Western University,"29,747",29.5,22%,56 : 44
201–250,Western Sydney University,"36,033",40.3,22%,58 : 42
201–250,University of Wollongong,"17,440",29.1,27%,54 : 46
251–300,Aalborg University,"16,818",14.7,14%,
251–300,Auckland University of Technology,"18,837",17.3,49%,59 : 41
251–300,Australian Catholic University,"23,728",39.1,15%,75 : 25
251–300,University of Bath,"14,953",15.5,34%,46 : 54
251–300,Beijing Normal University,"24,416",14.3,10%,
251–300,Bond University,"3,214",10.9,39%,54 : 46
251–300,Boston College,"12,755",14.5,12%,54 : 46
251–300,Bournemouth University,"13,823",18.5,21%,53 : 47
251–300,Brighton and Sussex Medical School,"1,013",19.7,17%,60 : 40
251–300,"University of California, Riverside","24,515",18.6,14%,53 : 47
251–300,University of Canberra,"10,785",35.5,26%,
251–300,Chalmers University of Technology,"9,513",13.8,19%,32 : 68
251–300,"China Medical University, Taiwan","7,284",15.5,9%,56 : 44
251–300,Copenhagen Business School,"16,547",27.7,24%,48 : 52
251–300,Deakin University,"43,080",33.9,25%,58 : 42
251–300,University of Duisburg-Essen,"41,618",43.7,19%,49 : 51
251–300,Heinrich Heine University Dusseldorf,"29,365",32.8,12%,58 : 42
251–300,Ecole des Ponts ParisTech,"1,959",10.0,37%,32 : 68
251–300,Goethe University Frankfurt,"30,082",12.7,14%,58 : 42
251–300,Griffith University,"35,900",32.9,17%,59 : 41
251–300,University of Hawai’i at M<U+0101>noa,"14,628",10.7,11%,56 : 44
251–300,Hebrew University of Jerusalem,"16,175",11.3,5%,57 : 43
251–300,University of Illinois at Chicago,"28,724",11.3,19%,54 : 46
251–300,Indian Institute of Science,"3,990",8.8,1%,27 : 73
251–300,Johannes Gutenberg University of Mainz,"30,856",25.5,12%,59 : 41
251–300,University of Kiel,"27,911",22.7,9%,53 : 47
251–300,King Saud University,"33,931",10.6,14%,44 : 56
251–300,Kyung Hee University,"20,504",17.7,27%,55 : 45
251–300,La Trobe University,"21,663",27.4,33%,63 : 37
251–300,Universite Laval,"28,611",16.9,15%,58 : 42
251–300,Linkoping University,"15,026",14.4,15%,52 : 48
251–300,University of Navarra,"11,466",14.7,27%,54 : 46
251–300,Oregon Health and Science University,"3,035",1.0,3%,67 : 33
251–300,Osaka University,"22,485",10.5,10%,33 : 67
251–300,University of Pavia,"20,027",34.9,10%,57 : 43
251–300,Queen’s University,"26,556",26.2,17%,59 : 41
251–300,Ruhr University Bochum,"38,441",48.5,15%,50 : 50
251–300,Sejong University,"12,356",20.8,13%,48 : 52
251–300,University of Sharjah,"12,933",19.2,55%,67 : 33
251–300,Simon Fraser University,"26,981",27.5,31%,54 : 46
251–300,University of Southern Denmark,"18,471",10.2,14%,53 : 47
251–300,Stellenbosch University,"24,907",25.9,8%,56 : 44
251–300,Sun Yat-sen University,"57,951",15.1,5%,49 : 51
251–300,Swansea University,"17,489",15.4,22%,47 : 53
251–300,Tilburg University,"11,876",29.9,20%,51 : 49
251–300,Tongji University,"30,153",10.8,12%,46 : 54
251–300,University of Twente,"9,816",14.7,37%,37 : 63
251–300,United Arab Emirates University,"7,121",10.9,17%,80 : 20
251–300,University of Utah,"30,967",13.6,8%,48 : 52
251–300,Virginia Polytechnic Institute and State University,"36,512",18.5,14%,43 : 57
251–300,University of the Witwatersrand,"26,871",23.6,7%,56 : 44
301–350,Abu Dhabi University,"3,926",18.1,60%,51 : 49
301–350,Aix-Marseille University,"70,054",17.4,13%,60 : 40
301–350,Alfaisal University,"2,851",10.2,32%,59 : 41
301–350,Anglia Ruskin University (ARU),"20,287",27.8,46%,64 : 36
301–350,Autonomous University of Madrid,"29,327",13.2,12%,61 : 39
301–350,University of Bordeaux,"53,755",22.4,13%,59 : 41
301–350,Brandeis University,"5,427",13.1,28%,59 : 41
301–350,Universiti Brunei Darussalam,"3,641",10.8,14%,66 : 34
301–350,University at Buffalo,"27,393",18.0,15%,45 : 55
301–350,"University of California, Merced","9,185",20.1,10%,52 : 48
301–350,University of Colorado Denver/Anschutz Medical Campus,"17,224",3.8,8%,57 : 43
301–350,Dalhousie University,"16,901",14.8,28%,55 : 45
301–350,Drexel University,"19,304",12.5,14%,51 : 49
301–350,Ecole Normale Superieure de Lyon,"2,171",8.6,11%,47 : 53
301–350,University of Essex,"14,335",15.3,40%,54 : 46
301–350,Flinders University,"17,027",27.9,36%,65 : 35
301–350,Florida State University,"39,380",24.0,7%,57 : 43
301–350,University of Galway,"15,109",26.1,20%,60 : 40
301–350,George Mason University,"32,157",18.1,12%,53 : 47
301–350,Hasselt University,"5,683",31.1,14%,49 : 51
301–350,University of Iowa,"29,257",11.1,8%,54 : 46
301–350,Lappeenranta-Lahti University of Technology LUT,"4,609",30.3,12%,33 : 67
301–350,University of Milan,"47,512",21.2,7%,60 : 40
301–350,University of Milan-Bicocca,"29,057",29.2,5%,62 : 38
301–350,Montpellier University,"40,179",20.1,15%,54 : 46
301–350,Nagoya University,"15,224",12.8,12%,30 : 70
301–350,Nankai University,"31,322",11.3,5%,
301–350,University of Otago,"18,508",19.7,19%,60 : 40
301–350,University of Oulu,"10,134",19.8,7%,54 : 46
301–350,Peter the Great St Petersburg Polytechnic University,"16,375",9.7,32%,41 : 59
301–350,Politecnico di Milano,"37,532",25.4,18%,
301–350,Reykjavik University,"2,757",22.9,8%,47 : 53
301–350,RMIT University,"32,692",23.6,34%,48 : 52
301–350,University of St Gallen,"8,065",12.2,34%,35 : 65
301–350,Saint Louis University,"10,798",7.4,7%,60 : 40
301–350,University of South Australia,"23,490",32.9,21%,58 : 42
301–350,University of Southern Queensland,"12,150",26.0,18%,62 : 38
301–350,Stony Brook University,"25,411",10.6,22%,52 : 48
301–350,University of Stuttgart,"16,054",26.5,19%,34 : 66
301–350,Swinburne University of Technology,"15,327",25.6,25%,38 : 62
301–350,Taipei Medical University,"5,946",9.1,10%,58 : 42
301–350,Tampere University,"15,855",20.6,6%,54 : 46
301–350,University of Tasmania,"18,264",22.9,36%,60 : 40
301–350,Technical University of Darmstadt,"15,526",37.1,18%,34 : 66
301–350,Temple University,"35,641",12.5,8%,54 : 46
301–350,The University of Tennessee-Knoxville,"27,308",16.7,4%,
301–350,Tokyo Institute of Technology,"9,878",9.5,17%,16 : 84
301–350,University College Cork,"17,925",20.8,20%,59 : 41
301–350,University of Victoria,"20,936",24.6,21%,55 : 45
351–400,American University of Beirut,"9,267",8.7,22%,51 : 49
351–400,"Asia University, Taiwan","11,421",30.3,7%,62 : 38
351–400,Ateneo de Manila University,"13,159",10.0,4%,51 : 49
351–400,"Birkbeck, University of London","8,059",16.7,40%,56 : 44
351–400,University of Bremen,"12,635",20.1,14%,53 : 47
351–400,University of Brescia,"15,133",24.6,7%,46 : 54
351–400,University of Cape Coast,"28,451",35.5,0%,33 : 67
351–400,Catholic University of Portugal,"11,213",22.2,21%,63 : 37
351–400,Central South University,"56,344",20.4,4%,
351–400,Charles Darwin University,"7,246",34.5,30%,69 : 31
351–400,"City, University of London","15,459",18.2,51%,57 : 43
351–400,University of Delaware,"21,808",16.3,12%,57 : 43
351–400,East China Normal University,"28,055",14.7,11%,64 : 36
351–400,Edith Cowan University,"18,759",30.4,28%,60 : 40
351–400,Golestan University of Medical Sciences,"3,721",11.5,11%,60 : 40
351–400,University of Greifswald,"10,291",20.6,8%,58 : 42
351–400,University of Hail,"19,366",11.2,10%,63 : 37
351–400,Harbin Institute of Technology,"30,542",10.5,6%,
351–400,Howard University,"8,782",8.2,6%,70 : 30
351–400,Imam Mohammad Ibn Saud Islamic University,"43,110",10.8,3%,39 : 61
351–400,IMT Atlantique,"1,436",7.7,33%,25 : 75
351–400,James Cook University,"12,825",20.1,32%,62 : 38
351–400,JSS Academy of Higher Education and Research,"7,891",9.5,7%,54 : 46
351–400,University of Kent,"16,703",17.0,29%,54 : 46
351–400,Khalifa University,"3,029",8.8,22%,58 : 42
351–400,Kurdistan University of Medical Sciences,"3,181",10.5,2%,49 : 51
351–400,Leuphana University of Luneburg,"7,839",26.1,7%,62 : 38
351–400,University of Liege,"21,910",26.8,21%,58 : 42
351–400,Loughborough University,"15,815",13.7,29%,41 : 59
351–400,University of Malaya,"18,320",9.8,18%,58 : 42
351–400,University of Manitoba,"29,561",29.4,20%,54 : 46
351–400,Mazandaran University of Medical Sciences,"7,845",15.1,1%,57 : 43
351–400,University of Naples Federico II,"53,319",20.2,2%,55 : 45
351–400,University of New Mexico (Main campus),"18,046",16.9,5%,56 : 44
351–400,North Carolina State University,"31,540",16.6,14%,48 : 52
351–400,University of Rome II – Tor Vergata,"24,038",30.3,20%,56 : 44
351–400,"Royal Holloway, University of London","10,640",15.1,35%,57 : 43
351–400,Royal Veterinary College,"2,248",10.4,30%,80 : 20
351–400,Rush University,"2,757",2.1,1%,76 : 24
351–400,Shoolini University of Biotechnology and Management Sciences,"2,973",14.3,2%,45 : 55
351–400,University of Stirling,"9,855",16.0,27%,64 : 36
351–400,Swedish University of Agricultural Sciences,"4,216",4.6,7%,70 : 30
351–400,University of Texas at Dallas,"25,464",21.6,20%,43 : 57
351–400,Tulane University,"11,220",7.5,11%,58 : 42
351–400,University of Turku,"13,012",15.3,5%,64 : 36
351–400,University of Vaasa,"3,873",20.0,4%,53 : 47
351–400,Verona University,"18,621",23.8,4%,64 : 36
351–400,Wake Forest University,"8,122",4.0,10%,54 : 46
351–400,Washington State University,"29,463",19.5,7%,54 : 46
351–400,Wroclaw Medical University,"6,769",9.4,14%,71 : 29
401–500,Alagappa University,"4,831",15.7,0%,63 : 37
401–500,University of Alaska Fairbanks,"2,910",7.2,6%,53 : 47
401–500,Arak University of Medical Sciences,"3,500",7.4,1%,56 : 44
401–500,Aston University,"12,014",17.8,25%,48 : 52
401–500,Aswan University,"31,877",46.7,2%,55 : 45
401–500,Babol University of Medical Sciences,"4,102",11.8,0%,58 : 42
401–500,Babol Noshirvani University of Technology,"6,180",28.7,0%,33 : 67
401–500,Bangor University,"8,790",15.8,26%,61 : 39
401–500,University of Bayreuth,"9,734",26.6,12%,47 : 53
401–500,Brunel University London,"13,041",17.0,39%,47 : 53
401–500,University of Campinas,"31,199",17.8,3%,46 : 54
401–500,Cankaya University,"7,113",25.4,1%,46 : 54
401–500,University of Catania,"26,902",21.2,3%,58 : 42
401–500,Claude Bernard University Lyon 1,"28,253",13.0,14%,54 : 46
401–500,Colorado School of Mines,"6,350",17.6,9%,31 : 69
401–500,"Colorado State University, Fort Collins","29,351",17.7,6%,55 : 45
401–500,Complutense University of Madrid,"61,128",20.3,12%,62 : 38
401–500,University of Connecticut,"27,752",13.6,12%,52 : 48
401–500,University of Crete,"13,808",27.6,4%,63 : 37
401–500,University of Cyprus,"6,875",20.1,13%,60 : 40
401–500,University of Denver,"10,001",13.0,6%,60 : 40
401–500,Dublin City University,"13,956",25.4,17%,59 : 41
401–500,Duy Tan University,"21,670",21.9,0%,62 : 38
401–500,Edinburgh Napier University,"11,536",20.4,35%,53 : 47
401–500,University of Electronic Science and Technology of China,"35,232",15.4,3%,30 : 70
401–500,Ferhat Abbas Setif University 1,"34,637",22.7,1%,63 : 37
401–500,University of Ferrara,"20,507",32.6,5%,61 : 39
401–500,University of Florence,"39,407",23.0,9%,56 : 44
401–500,Free University of Bozen-Bolzano,"4,236",12.6,15%,68 : 32
401–500,University of Genoa,"20,447",23.7,8%,57 : 43
401–500,Georgia State University,"34,734",17.3,5%,58 : 42
401–500,Universite Grenoble Alpes,"50,868",18.2,17%,52 : 48
401–500,Hanyang University,"20,079",14.6,20%,
401–500,HSE University,"32,102",17.5,11%,
401–500,Hunan University,"41,580",18.6,2%,47 : 53
401–500,University of Ibadan,"26,156",17.6,0%,49 : 51
401–500,Illinois Institute of Technology,"6,386",11.5,41%,37 : 63
401–500,University of Innsbruck,"13,918",22.0,46%,53 : 47
401–500,Institut Agro,"2,148",11.5,16%,65 : 35
401–500,University of International Business and Economics,"16,061",15.7,15%,69 : 31
401–500,Iowa State University,"28,767",16.7,10%,44 : 56
401–500,Jazan University,"26,568",13.0,3%,64 : 36
401–500,Justus Liebig University Giessen,"28,278",44.6,11%,63 : 37
401–500,University of Jyvaskyla,"10,444",14.4,3%,62 : 38
401–500,University of Kansas,"24,435",9.9,8%,53 : 47
401–500,University of Klagenfurt,"3,562",10.0,28%,68 : 32
401–500,Koc University,"5,882",19.7,8%,48 : 52
401–500,University of KwaZulu-Natal,"35,795",30.1,2%,60 : 40
401–500,University of Lagos,"36,237",21.5,0%,48 : 52
401–500,Leibniz University Hannover,"21,677",43.7,18%,42 : 58
401–500,Lincoln University,"2,492",13.3,44%,51 : 49
401–500,University of Lincoln,"14,479",15.8,13%,55 : 45
401–500,Liverpool John Moores University,"21,727",17.4,16%,54 : 46
401–500,Mahatma Gandhi University,"1,855",14.6,2%,61 : 39
401–500,University of Marburg,"23,383",31.2,12%,56 : 44
401–500,Maynooth University,"11,454",28.5,15%,55 : 45
401–500,Middlesex University,"15,906",18.8,50%,58 : 42
401–500,University of Modena and Reggio Emilia,"21,409",26.9,5%,53 : 47
401–500,Muhimbili University of Health and Allied Sciences,"3,626",11.3,3%,41 : 59
401–500,Murdoch University,"16,641",36.5,40%,61 : 39
401–500,National and Kapodistrian University of Athens,"66,649",31.0,11%,59 : 41
401–500,National Research Nuclear University MEPhI,"5,016",9.2,31%,40 : 60
401–500,University of Nebraska-Lincoln,"24,909",16.8,10%,49 : 51
401–500,University of Nebraska Medical Center,"3,181",2.0,9%,69 : 31
401–500,Norwegian University of Science and Technology,"37,707",15.8,9%,48 : 52
401–500,Nova Southeastern University,"17,952",16.3,4%,70 : 30
401–500,Orebro University,"10,005",15.2,5%,61 : 39
401–500,University of Passau,"9,703",69.2,12%,61 : 39
401–500,University of Pisa,"33,791",21.9,6%,51 : 49
401–500,University of Plymouth,"15,606",17.8,16%,58 : 42
401–500,Pontificia Universidad Catolica de Chile,"31,578",16.0,4%,
401–500,University of Porto,"33,484",16.2,16%,55 : 45
401–500,University of Portsmouth,"22,489",16.4,29%,47 : 53
401–500,Qazvin University of Medical Sciences,"2,598",9.2,1%,57 : 43
401–500,Qom University of Medical Sciences,"2,272",9.1,4%,57 : 43
401–500,Quaid-i-Azam University,"9,250",16.5,1%,51 : 49
401–500,Sabanc<U+0131> University,"3,819",20.0,10%,38 : 62
401–500,Sharif University of Technology,"9,219",22.5,2%,25 : 75
401–500,Shenzhen University,"38,240",14.1,1%,46 : 54
401–500,University of Siena,"12,948",18.7,9%,63 : 37
401–500,South China University of Technology,"40,082",12.7,5%,39 : 61
401–500,Southeast University,"37,484",12.3,4%,36 : 64
401–500,Southern Medical University,"20,432",10.7,6%,
401–500,SRUC (Scotland’s Rural College),"1,325",5.3,8%,60 : 40
401–500,University of Strathclyde,"19,842",17.0,29%,50 : 50
401–500,Sumy State University,"8,703",11.4,21%,44 : 56
401–500,Syracuse University,"20,620",14.9,23%,52 : 48
401–500,Universiti Teknologi Petronas,"5,021",13.6,16%,38 : 62
401–500,Tianjin University,"27,353",8.7,12%,
401–500,Ton Duc Thang University,"27,878",25.3,1%,56 : 44
401–500,University of Trento,"14,219",19.2,8%,52 : 48
401–500,The University of Tulsa,"4,407",12.0,10%,48 : 52
401–500,University of Turin,"58,463",28.4,6%,61 : 39
401–500,TU Wien,"10,327",17.7,31%,31 : 69
401–500,Umea University,"18,218",12.6,11%,61 : 39
401–500,Urmia University of Medical Sciences,"4,644",12.0,2%,51 : 49
401–500,Universiti Utara Malaysia,"12,457",11.6,30%,79 : 21
401–500,Victoria University of Wellington,"17,883",18.8,20%,58 : 42
401–500,University of Waikato,"10,472",17.6,31%,59 : 41
401–500,University of the West of England,"24,587",15.9,23%,53 : 47
401–500,William & Mary,"8,089",10.9,8%,56 : 44
401–500,Xiamen University,"42,760",15.4,2%,
401–500,York University,"44,036",29.1,28%,55 : 45
501–600,Aberystwyth University,"6,182",16.2,24%,52 : 48
501–600,An-Najah National University,"23,922",23.9,10%,65 : 35
501–600,University of L’Aquila,"18,491",40.2,4%,56 : 44
501–600,Bauman Moscow State Technical University,"16,925",6.8,15%,40 : 60
501–600,Beihang University,"31,821",12.9,4%,
501–600,Beijing Institute of Technology,"35,710",14.2,6%,
501–600,Birmingham City University,"22,934",16.6,26%,62 : 38
501–600,University of Bradford,"8,400",19.2,30%,57 : 43
501–600,Bucharest University of Economic Studies,"22,723",16.2,4%,65 : 35
501–600,Centrale Nantes,"1,730",15.7,43%,24 : 76
501–600,Changsha University of Science and Technology,"33,342",15.3,1%,37 : 63
501–600,Charles University in Prague,"49,787",13.2,22%,62 : 38
501–600,University of Cote d’Azur,"31,723",20.2,20%,56 : 44
501–600,Damietta University,"30,084",24.7,1%,71 : 29
501–600,Durban University of Technology,"27,063",36.5,1%,54 : 46
501–600,Eastern Mediterranean University,"14,375",27.0,76%,43 : 57
501–600,Ecole des Mines de Saint-Etienne,"1,115",9.9,25%,28 : 72
501–600,Federal University of Toulouse Midi-Pyrenees,"108,889",19.8,14%,55 : 45
501–600,Florida International University,"35,590",23.3,9%,57 : 43
501–600,University of Fribourg,"6,880",15.6,14%,64 : 36
501–600,"Goldsmiths, University of London","9,216",14.9,39%,66 : 34
501–600,Government College University Faisalabad,"21,219",27.3,0%,46 : 54
501–600,University of Greenwich,"15,045",20.2,44%,57 : 43
501–600,University of Guelph,"22,763",27.4,10%,59 : 41
501–600,Gwangju Institute of Science and Technology (GIST),"1,808",10.0,8%,25 : 75
501–600,Harokopio University,"3,125",46.6,3%,53 : 47
501–600,Heriot-Watt University,"9,733",17.8,37%,40 : 60
501–600,Hokkaido University,"18,263",8.4,11%,30 : 70
501–600,Hong Kong Baptist University,"8,358",12.4,62%,67 : 33
501–600,University of Hull,"12,567",17.2,19%,55 : 45
501–600,University of Iceland,"10,642",17.9,10%,68 : 32
501–600,Indian Institute of Technology Ropar,"2,339",13.6,0%,17 : 83
501–600,University of Insubria,"9,789",27.0,6%,55 : 45
501–600,"International Institute of Information Technology, Hyderabad","1,862",18.1,7%,20 : 80
501–600,Iran University of Science and Technology,"15,436",33.9,1%,34 : 66
501–600,"Islamic Azad University, Najafabad Branch (IAUN)","21,971",17.7,0%,47 : 53
501–600,Jacobs University,"1,556",21.6,84%,43 : 57
501–600,Jamia Millia Islamia,"10,481",11.2,2%,49 : 51
501–600,Jimma University,"30,473",16.3,0%,30 : 70
501–600,Johannes Kepler University of Linz,"7,133",22.5,13%,50 : 50
501–600,Jordan University of Science and Technology,"25,905",14.9,13%,57 : 43
501–600,Kafrelsheikh University,"62,533",26.1,2%,48 : 52
501–600,Kashan University of Medical Sciences and Health Services,"3,419",12.8,2%,38 : 62
501–600,Keele University,"9,172",15.3,16%,59 : 41
501–600,University of Kentucky,"27,216",11.2,4%,57 : 43
501–600,Kermanshah University of Medical Sciences,"5,759",9.6,12%,53 : 47
501–600,University of Kragujevac,"16,679",15.8,1%,57 : 43
501–600,Kyushu University,"18,568",7.8,14%,29 : 71
501–600,Lebanese American University,"7,057",10.1,19%,52 : 48
501–600,University of Lille,"75,291",29.6,14%,60 : 40
501–600,University of Lisbon,"48,404",18.1,18%,53 : 47
501–600,University of Management and Technology,"22,520",22.2,2%,45 : 55
501–600,University of Messina,"15,290",24.2,3%,63 : 37
501–600,Middle East Technical University,"17,151",22.5,10%,48 : 52
501–600,Missouri University of Science and Technology,"7,617",22.3,9%,23 : 77
501–600,University of Mons,"7,450",26.9,17%,57 : 43
501–600,National Tsing Hua University,"13,711",16.3,11%,41 : 59
501–600,National Yang Ming Chiao Tung University,"16,425",14.2,11%,36 : 64
501–600,University of Neuchatel,"4,148",11.1,21%,61 : 39
501–600,University of Nicosia,"4,696",11.3,54%,53 : 47
501–600,Northumbria University,"22,498",16.3,22%,54 : 46
501–600,Northwestern Polytechnical University,"34,095",13.9,4%,28 : 72
501–600,Nottingham Trent University,"29,925",15.3,21%,57 : 43
501–600,Open University of Catalonia,"32,319",100.5,6%,57 : 43
501–600,University of Peradeniya,"16,123",10.7,1%,59 : 41
501–600,Universitat Ramon Llull,"14,900",22.2,19%,52 : 48
501–600,Saint-Petersburg Mining University,"7,944",13.0,12%,42 : 58
501–600,University of Salerno,"26,289",27.4,3%,54 : 46
501–600,University of Saskatchewan,"17,741",17.6,22%,55 : 45
501–600,University of Sassari,"15,065",37.9,2%,62 : 38
501–600,Saveetha Institute of Medical and Technical Sciences,"12,394",7.4,1%,38 : 62
501–600,Sciences Po,"12,872",45.2,37%,61 : 39
501–600,Shiraz University of Technology,"1,437",13.8,0%,37 : 63
501–600,SOAS University of London,"4,656",12.8,53%,67 : 33
501–600,University of South Carolina-Columbia,"33,025",15.6,5%,55 : 45
501–600,Southwestern University of Finance and Economics,"23,330",16.4,2%,65 : 35
501–600,University of Stavanger,"11,089",11.4,11%,58 : 42
501–600,Stevens Institute of Technology,"6,624",18.6,35%,29 : 71
501–600,SUNY University at Albany,"16,090",17.2,8%,55 : 45
501–600,University of Tabuk,"29,471",14.4,2%,57 : 43
501–600,Technion Israel Institute of Technology,"15,147",21.0,12%,39 : 61
501–600,Tokyo Medical and Dental University (TMDU),"3,010",4.4,11%,50 : 50
501–600,University of Trieste,"16,677",24.9,7%,57 : 43
501–600,University of Tsukuba,"15,725",12.7,16%,38 : 62
501–600,TU Dortmund University,"25,046",74.8,10%,47 : 53
501–600,University of Tuscia,"6,272",20.0,4%,54 : 46
501–600,University of Udine,"12,326",18.5,5%,54 : 46
501–600,UiT The Arctic University of Norway,"14,377",10.1,10%,58 : 42
501–600,University of Valencia,"50,575",14.3,14%,58 : 42
501–600,University of Vic – Central University of Catalonia,"6,472",14.0,20%,60 : 40
501–600,Victoria University,"16,106",45.2,25%,55 : 45
501–600,Virginia Commonwealth University,"26,472",10.7,4%,63 : 37
501–600,Wayne State University,"22,941",11.9,5%,59 : 41
501–600,The University of the West Indies,"24,811",17.0,1%,71 : 29
501–600,Xi’an Jiaotong University,"44,942",14.1,6%,35 : 65
501–600,University of Zambia,"16,903",21.2,1%,35 : 65
501–600,Zayed University,"8,593",14.1,2%,88 : 12
501–600,Zhejiang Normal University,"26,928",11.7,7%,
601–800,Abdul Wali Khan University Mardan,"10,314",20.9,0%,32 : 68
601–800,Abo Akademi University,"5,399",17.6,10%,
601–800,Addis Ababa University,"46,881",14.8,0%,29 : 71
601–800,Ahvaz Jundishapur University of Medical Sciences (AJUMS),"8,601",11.6,2%,60 : 40
601–800,Ajou University,"7,574",14.2,17%,42 : 58
601–800,Amedeo Avogadro University of Eastern Piedmont,"14,292",37.1,7%,61 : 39
601–800,American University,"12,495",11.6,11%,63 : 37
601–800,American University of Sharjah,"4,468",11.9,76%,53 : 47
601–800,Amirkabir University of Technology,"10,673",21.2,2%,35 : 65
601–800,University of Antofagasta,"8,083",20.4,2%,56 : 44
601–800,University of Arkansas,"25,207",19.4,4%,54 : 46
601–800,Auburn University,"27,512",18.2,10%,50 : 50
601–800,Azarbaijan Shahid Madani University,"7,350",26.2,0%,61 : 39
601–800,University of Babylon,"26,449",12.7,0%,54 : 46
601–800,Bahce<U+015F>ehir University,"17,813",47.2,18%,49 : 51
601–800,Bahria University,"19,573",22.2,1%,44 : 56
601–800,Banaras Hindu University,"13,900",8.7,3%,38 : 62
601–800,University of Bari Aldo Moro,"29,905",21.6,2%,62 : 38
601–800,Bar-Ilan University,"17,255",17.3,4%,61 : 39
601–800,Baylor University,"19,700",17.7,7%,55 : 45
601–800,Beirut Arab University,"5,698",12.0,18%,45 : 55
601–800,Ben-Gurion University of the Negev,"16,468",20.4,2%,52 : 48
601–800,Benha University,"110,645",32.5,3%,42 : 58
601–800,Universite Bourgogne Franche-Comte (UBFC),"67,049",37.3,11%,56 : 44
601–800,Ca’ Foscari University of Venice,"18,231",38.3,10%,64 : 36
601–800,University of Camerino (Unicam),"8,129",27.9,10%,46 : 54
601–800,University of Canterbury,"15,245",18.4,22%,51 : 49
601–800,Capital Medical University,"15,254",4.9,5%,62 : 38
601–800,Carleton University,"28,760",29.7,22%,49 : 51
601–800,University of Central Florida,"62,248",36.1,5%,56 : 44
601–800,Central Queensland University,"15,453",20.7,26%,58 : 42
601–800,Chongqing University,"40,696",19.9,3%,
601–800,Chung-Ang University,"18,101",22.7,22%,
601–800,Clark University,"3,273",11.6,25%,59 : 41
601–800,University of Coimbra,"21,429",18.0,19%,58 : 42
601–800,University of Colombo,"31,792",31.9,0%,58 : 42
601–800,COMSATS University Islamabad,"33,465",14.8,2%,42 : 58
601–800,Concordia University,"35,592",33.5,34%,50 : 50
601–800,University of Cordoba,"16,847",13.5,10%,56 : 44
601–800,University of Costa Rica,"31,545",13.4,2%,53 : 47
601–800,Covenant University,"8,362",15.5,1%,40 : 60
601–800,Cyprus University of Technology,"3,280",16.9,14%,56 : 44
601–800,Dalian University of Technology,"38,465",15.0,3%,
601–800,Delhi Technological University,"11,196",22.3,3%,22 : 78
601–800,De Montfort University,"24,491",20.2,38%,54 : 46
601–800,University of Derby,"15,525",14.7,18%,59 : 41
601–800,University of Desarrollo,"15,933",15.9,3%,56 : 44
601–800,University of Dhaka,"211,424",16.1,3%,48 : 52
601–800,Dow University of Health Sciences,"7,249",6.8,3%,76 : 24
601–800,University of Eastern Finland,"11,898",18.2,5%,66 : 34
601–800,Universidade Eduardo Mondlane,"45,256",26.1,0%,39 : 61
601–800,"University of Engineering and Technology, Taxila","5,290",19.3,2%,18 : 82
601–800,ENSTA Bretagne,830,8.1,5%,24 : 76
601–800,Eotvos Lorand University,"30,190",17.5,9%,62 : 38
601–800,Fayoum University,"44,786",16.8,0%,62 : 38
601–800,Universidade Federal do Rio Grande do Sul,"39,169",14.1,1%,52 : 48
601–800,Universidade Federal de Sao Paulo (UNIFESP),"18,877",10.3,1%,59 : 41
601–800,Federation University Australia,"11,684",22.2,52%,55 : 45
601–800,Financial University under the Government of the Russian Federation,"16,139",12.9,7%,51 : 49
601–800,Gabriele d‘Annunzio University,"23,416",32.4,2%,64 : 36
601–800,University of Georgia,"37,465",13.2,7%,58 : 42
601–800,Glasgow Caledonian University,"14,271",23.6,19%,57 : 43
601–800,University of Granada,"54,619",14.5,10%,60 : 40
601–800,Graphic Era University,"7,823",14.3,1%,42 : 58
601–800,University of Graz,"12,531",12.4,17%,66 : 34
601–800,Graz University of Technology,"6,353",8.6,23%,25 : 75
601–800,Guangzhou University,"36,701",19.4,0%,64 : 36
601–800,Guangzhou Medical University,"12,891",1.7,2%,56 : 44
601–800,Hacettepe University,"38,444",20.1,3%,56 : 44
601–800,University of Haifa,"17,353",17.7,3%,66 : 34
601–800,Hamburg University of Technology,"4,668",28.9,23%,28 : 72
601–800,Hazara University Mansehra,"12,145",26.5,0%,26 : 74
601–800,University of Hertfordshire,"18,781",15.5,38%,54 : 46
601–800,University of Houston,"46,958",27.0,7%,52 : 48
601–800,University of Huddersfield,"14,411",19.8,26%,58 : 42
601–800,Icesi University,"6,279",8.0,2%,53 : 47
601–800,Ilam University of Medical Sciences,"2,687",13.0,4%,53 : 47
601–800,Imam Abdulrahman Bin Faisal University,"22,059",8.7,4%,90 : 10
601–800,Indian Institute of Technology Indore,"2,001",11.7,0%,22 : 78
601–800,Indraprastha Institute of Information Technology Delhi,"2,399",23.1,2%,23 : 77
601–800,"International Islamic University, Islamabad","25,221",25.1,7%,53 : 47
601–800,Iran University of Medical Sciences,"8,840",8.3,5%,57 : 43
601–800,Istanbul Technical University,"18,562",24.2,15%,37 : 63
601–800,Jagiellonian University,"34,725",9.6,11%,67 : 33
601–800,Jamia Hamdard University,"9,636",20.0,3%,45 : 55
601–800,Jawaharlal Nehru University,"8,840",14.2,2%,46 : 54
601–800,Jiangsu University,"35,687",9.5,6%,42 : 58
601–800,Jinan University,"41,858",16.6,27%,56 : 44
601–800,University of Johannesburg,"29,167",25.1,15%,55 : 45
601–800,Jonkoping University,"6,762",13.0,14%,60 : 40
601–800,The University of Jordan,"30,380",13.4,13%,66 : 34
601–800,Jouf University,"19,826",9.8,3%,60 : 40
601–800,University of Kaiserslautern,"8,572",28.8,22%,35 : 65
601–800,Kalasalingam Academy of Research and Education,"7,365",8.8,3%,55 : 45
601–800,Kansai Medical University,"1,086",1.3,2%,52 : 48
601–800,University of Kashan,"8,190",27.2,3%,54 : 46
601–800,Universiti Kebangsaan Malaysia,"16,873",10.1,14%,58 : 42
601–800,KIIT University,"24,796",12.3,9%,49 : 51
601–800,King Saud bin Abdulaziz University for Health Sciences,"7,870",11.3,1%,50 : 50
601–800,Konkuk University,"13,375",26.2,14%,49 : 51
601–800,Kore University of Enna,"5,053",14.5,1%,68 : 32
601–800,University of Kurdistan,"12,924",34.6,5%,53 : 47
601–800,Lahore University of Management Sciences,"4,499",13.8,1%,42 : 58
601–800,Lehigh University,"6,459",11.1,18%,46 : 54
601–800,University of Limerick,"14,733",25.1,20%,50 : 50
601–800,London South Bank University,"13,051",16.9,35%,56 : 44
601–800,University of Lorraine,"61,210",20.2,17%,53 : 47
601–800,Louisiana State University,"29,191",18.2,5%,54 : 46
601–800,Lviv Polytechnic National University,"21,367",10.5,1%,42 : 58
601–800,Maharishi Markandeshwar University (MMU),"9,053",13.3,10%,43 : 57
601–800,Majmaah University,"20,844",14.2,2%,46 : 54
601–800,University of Malakand,"7,757",27.1,1%,29 : 71
601–800,Manchester Metropolitan University,"29,197",15.9,19%,58 : 42
601–800,Mansoura University,"161,977",47.5,3%,52 : 48
601–800,Marche Polytechnic University,"10,544",22.4,5%,46 : 54
601–800,"University of Maryland, Baltimore County","11,456",16.8,8%,46 : 54
601–800,Mashhad University of Medical Sciences,"9,148",9.7,4%,58 : 42
601–800,Massey University,"17,534",16.1,29%,64 : 36
601–800,Medical University of Lodz,"10,294",8.6,10%,70 : 30
601–800,Memorial University of Newfoundland,"16,098",14.9,21%,56 : 44
601–800,Minia University,"75,566",17.9,1%,54 : 46
601–800,Mizzou - University of Missouri,"25,113",11.8,4%,55 : 45
601–800,University of Mohaghegh Ardabili,"11,435",28.7,0%,56 : 44
601–800,University of Nairobi,"52,678",34.5,2%,24 : 76
601–800,University of Namibia,"29,369",21.8,3%,64 : 36
601–800,Nanjing Agricultural University,"28,184",17.0,2%,
601–800,Nantes Universite,"36,281",24.0,11%,55 : 45
601–800,National Cheng Kung University (NCKU),"20,080",15.1,12%,37 : 63
601–800,National University of Science and Technology (MISiS),"7,300",11.1,26%,40 : 60
601–800,National Taiwan University of Science and Technology (Taiwan Tech),"8,906",17.9,18%,30 : 70
601–800,National Institute of Technology Silchar,"3,900",13.9,3%,21 : 79
601–800,National Yunlin University of Science and Technology,"9,135",21.8,6%,43 : 57
601–800,Near East University,"20,103",24.5,83%,43 : 57
601–800,"University of Nevada, Las Vegas","26,730",23.2,4%,57 : 43
601–800,University of New Brunswick UNB,"8,661",14.7,15%,51 : 49
601–800,New Jersey Institute of Technology,"9,757",14.6,24%,27 : 73
601–800,University of North Carolina at Charlotte,"27,579",20.5,5%,49 : 51
601–800,North South University,"24,760",30.9,0%,42 : 58
601–800,North-West University,"40,095",24.3,3%,61 : 39
601–800,Norwegian University of Life Sciences,"6,786",7.6,12%,57 : 43
601–800,NOVA University of Lisbon,"20,996",17.8,23%,51 : 49
601–800,"University of Occupational and Environmental Health, Japan","1,157",2.5,2%,52 : 48
601–800,Oklahoma State University,"21,250",14.0,6%,51 : 49
601–800,Ontario Tech University,"8,969",28.6,8%,44 : 56
601–800,The Open University,"68,390",31.6,8%,65 : 35
601–800,Oxford Brookes University,"13,574",14.2,25%,59 : 41
601–800,University of Parma,"28,210",32.1,6%,58 : 42
601–800,Universidad Peruana Cayetano Heredia,"6,028",6.7,0%,67 : 33
601–800,University of Perugia,"24,943",25.1,6%,58 : 42
601–800,Plekhanov Russian University of Economics,"13,994",8.7,13%,64 : 36
601–800,Polytechnic University of Bari,"9,998",43.1,1%,30 : 70
601–800,Polytechnic University of Turin,"29,428",30.4,14%,30 : 70
601–800,Prince Sattam Bin Abdulaziz University,"27,117",12.2,2%,58 : 42
601–800,Universiti Putra Malaysia,"18,365",11.1,26%,59 : 41
601–800,Qingdao University,"42,667",15.2,2%,64 : 36
601–800,Universite du Quebec,"50,418",17.9,12%,57 : 43
601–800,University of Regina,"14,172",24.7,27%,59 : 41
601–800,Rensselaer Polytechnic Institute,"7,475",14.7,21%,32 : 68
601–800,Riga Stradi<U+0146><U+0161> University,"8,512",19.5,28%,74 : 26
601–800,Riphah International University,"23,590",21.5,0%,50 : 50
601–800,Rovira i Virgili University,"12,975",12.6,13%,60 : 40
601–800,RUDN University,"21,820",14.0,32%,58 : 42
601–800,Universiti Sains Malaysia,"23,492",11.6,17%,64 : 36
601–800,San Diego State University,"31,340",27.5,7%,56 : 44
601–800,University of Sannio,"2,944",15.4,2%,51 : 49
601–800,University of Santiago de Compostela,"24,713",14.5,9%,62 : 38
601–800,Savitribai Phule Pune University,"5,163",12.1,6%,43 : 57
601–800,University of Campania Luigi Vanvitelli,"33,663",35.1,2%,37 : 63
601–800,Shanghai University,"37,499",13.1,7%,50 : 50
601–800,"Soochow University, China","47,989",15.5,5%,54 : 46
601–800,Southern Cross University,"10,866",36.1,28%,64 : 36
601–800,University of Strasbourg,"51,028",19.8,21%,59 : 41
601–800,Sultan Qaboos University,"7,436",8.6,4%,50 : 50
601–800,University of the Sunshine Coast,"11,118",29.6,16%,69 : 31
601–800,SUNY Binghamton University,"18,852",22.0,11%,50 : 50
601–800,University of Tabriz,"20,983",27.2,6%,49 : 51
601–800,Tabriz University of Medical Sciences,"8,524",9.9,2%,54 : 46
601–800,Taif University,"39,622",19.6,2%,56 : 44
601–800,Tallinn University of Technology,"8,739",12.6,17%,40 : 60
601–800,University of Tehran,"45,295",21.5,2%,45 : 55
601–800,Tehran University of Medical Sciences,"11,605",6.4,11%,57 : 43
601–800,Universiti Teknologi Malaysia,"19,974",13.5,20%,47 : 53
601–800,University of Texas at Arlington,"33,537",29.5,13%,60 : 40
601–800,The University of Texas at San Antonio,"27,187",24.7,3%,51 : 49
601–800,Thapar Institute of Engineering and Technology,"9,375",16.9,1%,28 : 72
601–800,University of Toledo,"17,871",16.1,10%,52 : 48
601–800,Tomsk State University,"7,806",11.7,36%,
601–800,TU Braunschweig,"19,676",9.8,17%,40 : 60
601–800,University of Ulsan,"12,415",11.0,4%,48 : 52
601–800,Ulster University,"17,683",18.8,9%,57 : 43
601–800,Umm Al-Qura University,"30,207",8.3,11%,34 : 66
601–800,Paris Lodron Universitat Salzburg,"7,169",11.9,34%,66 : 34
601–800,Wenzhou University,"21,827",18.2,3%,58 : 42
601–800,University of the Western Cape,"23,510",33.8,6%,61 : 39
601–800,University of the West of Scotland,"12,122",22.1,20%,63 : 37
601–800,University of Windsor,"14,516",33.3,29%,
601–800,University of Wolverhampton,"14,898",17.3,24%,62 : 38
601–800,University of Wuppertal,"15,668",39.6,10%,53 : 47
601–800,Xi’an Jiaotong-Liverpool University,"15,767",19.9,5%,52 : 48
601–800,Yokohama City University,"5,073",6.0,2%,56 : 44
601–800,Zhengzhou University,"70,824",17.5,3%,49 : 51
801–1000,University of the Aegean,"22,148",68.4,1%,55 : 45
801–1000,"University of Agriculture, Faisalabad","27,826",42.4,0%,45 : 55
801–1000,The University of Aizu,"1,217",12.1,9%,11 : 89
801–1000,The University of Alabama,"35,457",20.9,4%,56 : 44
801–1000,Al-Azhar University,"425,977",38.4,6%,38 : 62
801–1000,Al-Balqa Applied University,"28,178",27.7,2%,59 : 41
801–1000,University of Alcala,"15,941",10.2,24%,60 : 40
801–1000,Alexandria University,"202,206",28.2,4%,52 : 48
801–1000,Aligarh Muslim University,"20,428",12.1,2%,40 : 60
801–1000,American University in Cairo,"5,921",13.7,5%,56 : 44
801–1000,Anna University,"15,149",15.9,1%,43 : 57
801–1000,University of Applied Sciences and Arts of Western Switzerland,"17,491",6.5,30%,53 : 47
801–1000,Aristotle University of Thessaloniki,"49,840",19.7,5%,58 : 42
801–1000,Athens University of Economics and Business,"9,682",51.0,6%,45 : 55
801–1000,Universidad Autonoma de Chile,"27,474",22.9,1%,63 : 37
801–1000,University of Aveiro,"12,566",15.1,10%,54 : 46
801–1000,University of the Balearic Islands,"11,493",11.8,8%,60 : 40
801–1000,University of the Basque Country,"43,018",15.4,6%,55 : 45
801–1000,University of Bedfordshire,"13,173",29.7,59%,59 : 41
801–1000,University of Beira Interior,"7,861",17.0,22%,53 : 47
801–1000,University of Belgrade,"93,251",18.9,5%,62 : 38
801–1000,Beni-Suef University,"82,124",28.3,1%,50 : 50
801–1000,University of Bergamo,"22,115",60.9,7%,62 : 38
801–1000,Bharathiar University,"4,097",18.8,0%,63 : 37
801–1000,Bilkent University,"9,682",14.2,8%,46 : 54
801–1000,"Birla Institute of Technology and Science, Pilani","15,651",18.1,2%,19 : 81
801–1000,Bo<U+011F>azici University,"12,614",22.3,3%,45 : 55
801–1000,University of Brighton,"15,016",16.8,22%,60 : 40
801–1000,Cairo University,"224,216",36.8,4%,54 : 46
801–1000,University of Calabria,"19,788",23.2,3%,57 : 43
801–1000,Chapman University,"9,332",12.8,8%,61 : 39
801–1000,Institute of Chemical Technology,"2,550",17.2,0%,30 : 70
801–1000,Chengdu University,"22,762",16.3,2%,59 : 41
801–1000,"China University of Petroleum, Beijing","17,001",17.4,4%,
801–1000,Chulalongkorn University,"34,095",11.5,3%,58 : 42
801–1000,Clemson University,"23,491",15.5,6%,49 : 51
801–1000,University of Clermont Auvergne,"36,630",20.9,15%,57 : 43
801–1000,Coventry University,"32,819",16.1,47%,48 : 52
801–1000,CY Cergy Paris University,"14,999",19.6,23%,52 : 48
801–1000,University of Dayton,"11,183",16.5,11%,48 : 52
801–1000,University of Deusto,"9,518",20.1,11%,58 : 42
801–1000,Diego Portales University,"17,613",16.0,2%,50 : 50
801–1000,Donghua University,"22,434",14.4,6%,45 : 55
801–1000,Duzce University,"21,552",35.5,8%,44 : 56
801–1000,Edge Hill University,"10,990",15.3,7%,69 : 31
801–1000,"University of Engineering and Technology, Peshawar","8,680",20.7,1%,6 : 94
801–1000,Ewha Womans University,"14,746",17.5,13%,100 : 0
801–1000,Federal University of Minas Gerais,"40,998",12.9,1%,53 : 47
801–1000,Universidade Federal de Sergipe,"26,327",15.8,0%,51 : 49
801–1000,Firat University,"39,961",20.6,5%,37 : 63
801–1000,Florida Agricultural and Mechanical University,"9,342",16.8,1%,66 : 34
801–1000,Florida Atlantic University,"24,191",18.7,10%,64 : 36
801–1000,University of Foggia,"11,292",31.8,1%,63 : 37
801–1000,University of the Free State,"33,826",36.8,2%,63 : 37
801–1000,Fujita Health University,"3,082",3.8,1%,57 : 43
801–1000,Fuzhou University,"39,987",16.8,1%,39 : 61
801–1000,University of Girona,"14,011",21.1,15%,57 : 43
801–1000,Guangdong University of Technology,"46,040",18.1,0%,29 : 71
801–1000,Hiroshima University,"14,612",8.1,9%,37 : 63
801–1000,Indian Institute of Technology Patna,"2,203",17.9,0%,18 : 82
801–1000,Indian Institute of Technology Gandhinagar,"1,782",15.1,1%,26 : 74
801–1000,Universitat Internacional de Catalunya,"5,172",14.0,34%,63 : 37
801–1000,University of Ioannina,"32,168",39.6,3%,69 : 31
801–1000,ISCTE-University Institute of Lisbon,"9,374",24.9,17%,52 : 48
801–1000,The Islamia University of Bahawalpur,"35,698",28.5,0%,46 : 54
801–1000,Istanbul Medeniyet University,"10,536",13.4,3%,52 : 48
801–1000,ITMO University,"10,814",15.0,22%,34 : 66
801–1000,Iuliu Ha<U+0163>ieganu University of Medicine and Pharmacy Cluj-Napoca,"8,017",7.9,33%,66 : 34
801–1000,University of Jaen,"13,767",16.4,9%,57 : 43
801–1000,Juntendo University,"5,980",4.6,3%,55 : 45
801–1000,Kansas State University,"19,927",13.1,7%,51 : 49
801–1000,Karlstad University,"9,698",14.0,%,63 : 37
801–1000,Kazan Federal University,"22,673",10.4,29%,66 : 34
801–1000,Keio University,"33,636",10.1,8%,37 : 63
801–1000,Kerman University of Medical Sciences,"5,226",3.4,2%,
801–1000,Kindai University,"33,234",14.6,2%,32 : 68
801–1000,King Faisal University,"27,805",13.1,2%,67 : 33
801–1000,King Khalid University,"39,389",8.3,7%,55 : 45
801–1000,King Mongkut’s University of Technology Thonburi,"15,116",19.8,2%,46 : 54
801–1000,Kingston University,"14,975",19.4,43%,58 : 42
801–1000,KL University,"17,801",14.5,2%,36 : 64
801–1000,Kobe University,"15,477",10.3,8%,36 : 64
801–1000,Kurume University,"5,062",7.6,2%,
801–1000,Kuwait University,"24,680",15.2,15%,76 : 24
801–1000,Kyungpook National University,"18,892",20.2,13%,47 : 53
801–1000,University of Lahore,"27,149",14.8,2%,37 : 63
801–1000,Lakehead University,"8,365",25.8,21%,55 : 45
801–1000,University of La Laguna,"18,270",12.8,5%,58 : 42
801–1000,University of Latvia,"11,877",32.7,7%,68 : 32
801–1000,Leeds Beckett University,"18,944",20.2,13%,54 : 46
801–1000,Lithuanian University of Health Sciences,"6,167",8.6,22%,75 : 25
801–1000,University of Ljubljana,"37,615",13.1,8%,60 : 40
801–1000,University of Lleida,"9,164",15.4,10%,59 : 41
801–1000,Lovely Professional University,"33,469",14.8,6%,24 : 76
801–1000,Mae Fah Luang University,"13,802",21.0,4%,73 : 27
801–1000,Mahidol University,"28,477",9.0,5%,64 : 36
801–1000,Makerere University,"31,233",21.0,3%,51 : 49
801–1000,Universiti Malaysia Pahang,"8,140",13.3,7%,48 : 52
801–1000,University of Malta,"9,687",10.7,13%,60 : 40
801–1000,Manipal Academy of Higher Education,"23,002",9.0,12%,49 : 51
801–1000,Marquette University,"10,540",12.0,3%,57 : 43
801–1000,Masaryk University,"32,271",18.9,23%,62 : 38
801–1000,Medical University of Gda<U+0144>sk,"6,344",5.6,16%,65 : 35
801–1000,University of Memphis,"16,520",14.7,5%,60 : 40
801–1000,University of Minho,"19,922",19.6,16%,55 : 45
801–1000,Mississippi State University,"21,810",15.2,3%,52 : 48
801–1000,University of Missouri-St Louis,"6,365",15.8,5%,58 : 42
801–1000,Montana State University,"14,094",16.0,3%,47 : 53
801–1000,Monterrey Institute of Technology,"15,735",14.3,10%,43 : 57
801–1000,University of Namur,"6,753",20.8,12%,57 : 43
801–1000,Nanjing Forestry University,"32,318",17.6,1%,
801–1000,Nanjing University of Information Science and Technology,"33,008",16.7,3%,
801–1000,Nanjing Normal University,"31,211",13.0,2%,70 : 30
801–1000,Nanjing Tech University,"38,866",13.5,3%,
801–1000,National Institute of Applied Sciences of Lyon (INSA Lyon),"6,382",18.9,27%,36 : 64
801–1000,Ecole Nationale des Travaux Publics de l'Etat (ENTPE),809,15.3,13%,42 : 58
801–1000,National University of Sciences and Technology,"11,737",9.4,5%,34 : 66
801–1000,National Sun Yat-Sen University,"8,150",12.3,8%,40 : 60
801–1000,National Taiwan Normal University,"10,699",12.2,16%,
801–1000,National Technical University of Athens,"13,732",19.9,6%,33 : 67
801–1000,National Institute of Technology Hamirpur,"3,823",20.7,0%,22 : 78
801–1000,"National Institute of Technology, Tiruchirappalli","7,037",18.5,2%,23 : 77
801–1000,The New School,"9,692",9.7,35%,74 : 26
801–1000,New Mexico State University (Main campus),"12,285",16.0,6%,58 : 42
801–1000,Nippon Medical School,905,0.9,0%,37 : 63
801–1000,University of North Carolina at Greensboro,"18,637",19.5,3%,67 : 33
801–1000,"Northeastern University, China","39,155",14.8,2%,
801–1000,Northeast Normal University,"30,310",18.7,4%,70 : 30
801–1000,University of Northern British Columbia (UNBC),"3,008",15.6,11%,63 : 37
801–1000,Northern Illinois University,"13,768",14.4,7%,53 : 47
801–1000,Novosibirsk State University,"7,276",6.3,22%,
801–1000,Ohio University (Main campus),"22,682",20.1,4%,57 : 43
801–1000,Old Dominion University,"18,368",17.5,3%,56 : 44
801–1000,Ozyegin University,"5,958",27.2,7%,44 : 56
801–1000,Pablo de Olavide University,"12,849",14.4,18%,59 : 41
801–1000,University of Palermo,"32,351",22.4,1%,58 : 42
801–1000,Panjab University,"18,918",17.6,1%,41 : 59
801–1000,Pantheon-Sorbonne University – Paris 1,"35,547",29.0,20%,61 : 39
801–1000,Parthenope University of Naples,"11,555",33.7,2%,42 : 58
801–1000,Universiti Pendidikan Sultan Idris,"5,968",9.9,18%,55 : 45
801–1000,University of Peshawar,"6,107",9.0,1%,32 : 68
801–1000,University of the Philippines,"46,714",10.6,0%,52 : 48
801–1000,Universitat Politecnica de Catalunya,"22,280",9.5,14%,27 : 73
801–1000,Polytechnic University of Valencia,"23,406",12.7,14%,41 : 59
801–1000,Pontifical Catholic University of Rio de Janeiro (PUC-Rio),"13,453",18.7,3%,50 : 50
801–1000,Pontifical Catholic University of Rio Grande do Sul (PUCRS),"14,096",21.3,1%,52 : 48
801–1000,Pontifical Javeriana University,"27,346",14.2,2%,55 : 45
801–1000,University of Pretoria,"36,492",21.7,7%,59 : 41
801–1000,Princess Nourah bint Abdulrahman University,"25,955",13.1,15%,100 : 0
801–1000,University of the Punjab,"28,384",22.4,1%,52 : 48
801–1000,University of Rennes 1,"28,275",18.5,11%,52 : 48
801–1000,University of Rhode Island,"15,851",14.5,3%,57 : 43
801–1000,Rhodes University,"6,872",17.0,14%,63 : 37
801–1000,University of Roehampton,"7,782",16.1,33%,69 : 31
801–1000,University of Rome III,"33,264",47.7,5%,61 : 39
801–1000,Roskilde University,"6,100",15.8,16%,64 : 36
801–1000,Saint Petersburg State University,"24,335",9.1,19%,61 : 39
801–1000,University of Salamanca,"27,920",16.9,18%,62 : 38
801–1000,University of Salento,"13,608",22.6,1%,62 : 38
801–1000,University of Salford,"18,218",18.7,20%,55 : 45
801–1000,University of Science and Technology Beijing,"28,432",16.1,4%,36 : 64
801–1000,Sechenov University,"16,366",8.1,24%,70 : 30
801–1000,University of La Serena,"7,643",25.5,1%,52 : 48
801–1000,Shahid Beheshti University,"19,695",23.4,1%,50 : 50
801–1000,Shantou University,"14,119",12.2,1%,45 : 55
801–1000,Sheffield Hallam University,"25,651",17.2,13%,55 : 45
801–1000,Shiraz University,"14,552",20.2,1%,53 : 47
801–1000,Shiraz University of Medical Sciences,"10,228",10.4,3%,57 : 43
801–1000,University of Siegen,"12,633",26.4,12%,56 : 44
801–1000,University of South Bohemia in <U+010C>eske Bud<U+011B>jovice,"8,763",13.8,7%,69 : 31
801–1000,South China Normal University,"30,041",16.4,3%,
801–1000,Southern Illinois University Carbondale,"10,130",13.8,7%,50 : 50
801–1000,South Ural State University,"19,373",14.4,10%,39 : 61
801–1000,Suez Canal University,"38,962",11.4,1%,58 : 42
801–1000,Sunway University,"4,638",8.6,15%,53 : 47
801–1000,Symbiosis International University,"16,305",13.0,6%,54 : 46
801–1000,Taibah University,"59,028",21.7,3%,62 : 38
801–1000,Tanta University,"129,209",19.2,1%,54 : 46
801–1000,"University of Technology, Iraq","10,321",6.9,0%,50 : 50
801–1000,Universiti Tenaga Nasional (UNITEN),"4,987",11.4,11%,34 : 66
801–1000,University of Texas at El Paso,"17,908",30.2,7%,54 : 46
801–1000,Texas Tech University,"35,957",19.4,7%,49 : 51
801–1000,University of Thessaly,"21,962",30.2,2%,52 : 48
801–1000,Toronto Metropolitan University,"36,218",42.4,8%,56 : 44
801–1000,Tribhuvan University,"460,632",30.9,0%,50 : 50
801–1000,University of Urbino Carlo Bo,"15,336",42.1,6%,62 : 38
801–1000,Vilnius University,"17,012",10.2,9%,69 : 31
801–1000,VIT University,"33,416",17.0,4%,30 : 70
801–1000,University of Warsaw,"37,090",12.0,10%,63 : 37
801–1000,Wenzhou Medical University,"19,243",11.2,5%,63 : 37
801–1000,University of Winchester,"7,291",16.8,10%,66 : 34
801–1000,University of Wisconsin-Milwaukee,"19,218",19.3,5%,56 : 44
801–1000,Worcester Polytechnic Institute,"5,949",12.7,19%,38 : 62
801–1000,University of Wyoming,"10,660",14.7,5%,51 : 49
801–1000,Yangzhou University,"31,066",13.3,11%,58 : 42
801–1000,Yeungnam University,"19,345",15.0,4%,50 : 50
801–1000,Zagazig University,"165,556",26.4,2%,52 : 48
801–1000,Zewail City of Science and Technology,"1,184",11.6,0%,42 : 58
801–1000,Zhejiang University of Finance and Economics,"17,260",21.3,3%,63 : 37
1001–1200,University of A Coruna,"14,937",12.2,5%,52 : 48
1001–1200,"Adam Mickiewicz University, Pozna<U+0144>","35,901",23.9,4%,68 : 32
1001–1200,Ain Shams University,"138,700",12.5,4%,53 : 47
1001–1200,Al-Farabi Kazakh National University,"24,229",5.7,15%,56 : 44
1001–1200,University of Algarve,"8,443",14.0,22%,58 : 42
1001–1200,University of Almeria,"13,050",17.5,12%,55 : 45
1001–1200,Amity University,"31,383",16.2,6%,52 : 48
1001–1200,University of Anbar,"26,521",15.9,0%,56 : 44
1001–1200,"University of the Andes, Colombia","15,312",12.7,1%,45 : 55
1001–1200,Arts et Metiers,"6,230",16.5,14%,18 : 82
1001–1200,Assiut University,"84,941",14.9,1%,55 : 45
1001–1200,At<U+0131>l<U+0131>m University,"8,325",11.1,7%,42 : 58
1001–1200,Autonomous University of Sinaloa,"74,001",21.8,0%,56 : 44
1001–1200,Babe<U+015F>-Bolyai University,"39,811",21.0,4%,64 : 36
1001–1200,Bahauddin Zakariya University,"29,880",36.7,0%,40 : 60
1001–1200,Bayero University,"44,410",25.9,0%,33 : 67
1001–1200,Beijing Jiaotong University,"29,086",14.7,5%,
1001–1200,University of Botswana,"13,063",17.6,4%,57 : 43
1001–1200,Bowling Green State University,"15,199",15.7,4%,57 : 43
1001–1200,Instituto Politecnico de Braganca,"8,845",19.4,32%,54 : 46
1001–1200,University of Burgos,"7,599",13.5,5%,51 : 49
1001–1200,University of Calcutta,"19,119",15.6,0%,51 : 49
1001–1200,Cardiff Metropolitan University,"9,381",18.6,22%,54 : 46
1001–1200,Carlos III University of Madrid,"18,133",11.0,17%,46 : 54
1001–1200,Technical University of Cartagena,"4,466",10.0,9%,27 : 73
1001–1200,University of Castilla-La Mancha,"22,524",12.8,8%,57 : 43
1001–1200,Universidad Catolica San Antonio de Murcia (UCAM),"10,727",19.5,15%,56 : 44
1001–1200,University of Central Lancashire,"19,284",14.4,25%,58 : 42
1001–1200,Chang Gung University,"7,016",12.1,5%,49 : 51
1001–1200,Charles Sturt University,"22,735",20.2,20%,61 : 39
1001–1200,Chiang Mai University,"34,110",14.0,3%,66 : 34
1001–1200,Chiba University,"13,640",8.5,5%,38 : 62
1001–1200,University of Chile,"37,286",15.5,5%,50 : 50
1001–1200,"China University of Geosciences, Beijing","16,758",16.6,1%,41 : 59
1001–1200,China Pharmaceutical University,"24,270",22.4,2%,69 : 31
1001–1200,Chonnam National University,"24,436",19.9,6%,48 : 52
1001–1200,Clarkson University,"4,024",14.9,9%,35 : 65
1001–1200,Comenius University in Bratislava,"21,788",10.6,14%,64 : 36
1001–1200,Creighton University,"9,641",14.9,4%,60 : 40
1001–1200,Czech University of Life Sciences Prague (CZU),"18,057",17.6,22%,54 : 46
1001–1200,University of Debrecen,"29,045",17.7,22%,55 : 45
1001–1200,University of Delhi,"27,471",25.6,1%,48 : 52
1001–1200,Don State Technical University,"26,241",12.8,12%,
1001–1200,Dr B.R. Ambedkar National Institute of Technology Jalandhar,"5,016",23.7,0%,23 : 77
1001–1200,East China University of Science and Technology,"28,718",16.9,2%,44 : 56
1001–1200,University of East London,"12,180",21.9,44%,58 : 42
1001–1200,Ecole Centrale de Lyon,"2,108",14.3,26%,24 : 76
1001–1200,University of Engineering & Technology (UET) Lahore,"13,163",13.9,3%,23 : 77
1001–1200,Universidade Estadual Paulista (Unesp),"42,008",15.6,3%,51 : 49
1001–1200,European University of Madrid,"10,684",10.7,32%,49 : 51
1001–1200,University of Extremadura,"20,509",11.2,2%,56 : 44
1001–1200,Federal University of Rio de Janeiro,"45,747",11.4,1%,55 : 45
1001–1200,Universidade Federal de Santa Catarina,"38,751",16.1,2%,49 : 51
1001–1200,Federal University of Technology Akure,"19,593",21.1,0%,28 : 72
1001–1200,Ferdowsi University of Mashhad,"25,269",30.9,9%,54 : 46
1001–1200,Florida Institute of Technology,"5,091",14.9,25%,35 : 65
1001–1200,University of Fortaleza (UNIFOR),"21,115",18.5,0%,51 : 49
1001–1200,Fu Jen Catholic University,"18,619",29.0,5%,58 : 42
1001–1200,Fujian Agriculture and Forestry University,"29,188",16.9,1%,54 : 46
1001–1200,University of Ghana,"54,256",32.4,1%,48 : 52
1001–1200,Guangxi University,"39,172",19.8,2%,46 : 54
1001–1200,University of Gujrat,"11,975",23.5,0%,58 : 42
1001–1200,Guru Jambheshwar University of Science and Technology,"6,420",19.3,0%,44 : 56
1001–1200,Hakim Sabzevari University,"7,940",19.8,4%,53 : 47
1001–1200,Hamamatsu University School of Medicine,"1,204",4.6,2%,49 : 51
1001–1200,Huaqiao University,"31,351",17.2,18%,53 : 47
1001–1200,Hyogo College of Medicine,937,2.2,0%,30 : 70
1001–1200,Ibn Tofail University,"51,802",71.9,3%,49 : 51
1001–1200,Ilia State University,"16,196",10.2,3%,63 : 37
1001–1200,Ilmenau University of Technology,"5,425",17.4,30%,28 : 72
1001–1200,IMT Nord Europe,"1,484",16.1,21%,23 : 77
1001–1200,"Indian Institute of Science Education and Research, Pune","1,512",10.4,0%,31 : 69
1001–1200,Indian Institute of Science Education and Research Kolkata,"1,563",12.3,0%,28 : 72
1001–1200,Indian Institute of Technology Bhubaneswar,"2,102",14.7,0%,16 : 84
1001–1200,Indian Institute of Technology Guwahati,"6,353",13.8,1%,22 : 78
1001–1200,Indian Institute of Technology (Indian School of Mines) Dhanbad,"7,002",20.7,1%,16 : 84
1001–1200,Indian Institute of Technology Mandi,"1,587",11.6,1%,26 : 74
1001–1200,University of Indonesia,"41,123",8.6,14%,68 : 32
1001–1200,Inha University,"17,103",21.0,8%,42 : 58
1001–1200,Isfahan University of Medical Sciences,"10,102",10.2,2%,63 : 37
1001–1200,Isfahan University of Technology,"11,323",23.5,1%,40 : 60
1001–1200,Istanbul University,"59,250",25.1,8%,53 : 47
1001–1200,Istanbul University-Cerrahpa<U+015F>a,"25,638",21.7,3%,36 : 64
1001–1200,Jadavpur University,"14,217",21.7,0%,30 : 70
1001–1200,Jaume I University,"11,495",14.6,10%,58 : 42
1001–1200,University of Jeddah,"26,236",13.9,2%,67 : 33
1001–1200,Jeonbuk National University,"20,453",19.9,7%,46 : 54
1001–1200,Jiangnan University,"29,614",13.1,1%,
1001–1200,Jiangsu Normal University,"23,978",14.3,2%,
1001–1200,Jiangxi University of Finance and Economics,"24,395",18.5,2%,55 : 45
1001–1200,The Jikei University School of Medicine,"1,093",0.9,0%,44 : 56
1001–1200,Kanazawa University,"9,886",9.4,7%,39 : 61
1001–1200,Kaohsiung Medical University,"6,490",11.8,6%,59 : 41
1001–1200,Kharkiv National University of Radio Electronics,"7,704",9.9,10%,26 : 74
1001–1200,K.N. Toosi University of Technology,"8,403",26.6,2%,34 : 66
1001–1200,Kumamoto University,"9,536",10.0,6%,38 : 62
1001–1200,Kwame Nkrumah University of Science and Technology,"87,443",78.1,1%,43 : 57
1001–1200,Kyoto Prefectural University of Medicine,"1,371",3.4,1%,46 : 54
1001–1200,University of Las Palmas de Gran Canaria,"15,612",16.9,8%,58 : 42
1001–1200,Lebanese University,"46,256",14.8,16%,70 : 30
1001–1200,University of Leoben,"2,604",4.6,17%,24 : 76
1001–1200,University of Leon,"14,828",15.3,5%,56 : 44
1001–1200,Lorestan University,"9,059",23.6,1%,57 : 43
1001–1200,Lusophone University of Humanities and Technologies,"7,544",10.7,22%,53 : 47
1001–1200,Universiti Malaysia Perlis,"10,937",13.6,5%,45 : 55
1001–1200,University of Manouba,"16,315",12.1,1%,59 : 41
1001–1200,University of Maragheh,"3,146",19.9,0%,56 : 44
1001–1200,University of Marrakech Cadi Ayyad,"110,826",44.8,1%,50 : 50
1001–1200,University of Mauritius,"8,710",21.5,1%,55 : 45
1001–1200,University of Mazandaran,"13,320",33.1,6%,62 : 38
1001–1200,Medical University of Bialystok,"5,494",12.7,8%,76 : 24
1001–1200,Menoufia University,"100,182",34.3,0%,43 : 57
1001–1200,Miguel Hernandez University of Elche,"12,276",17.0,7%,48 : 52
1001–1200,Morgan State University,"6,129",11.7,8%,59 : 41
1001–1200,University of Murcia,"26,351",16.0,8%,59 : 41
1001–1200,Nanjing University of Aeronautics and Astronautics,"32,300",15.6,3%,30 : 70
1001–1200,Nanjing Medical University,"20,660",8.6,4%,
1001–1200,National Autonomous University of Mexico,"172,729",17.4,4%,52 : 48
1001–1200,National Central University,"10,853",9.7,9%,36 : 64
1001–1200,National University of Colombia,"42,188",15.8,1%,39 : 61
1001–1200,National Taipei University of Technology,"9,873",15.7,11%,28 : 72
1001–1200,National Taiwan Ocean University,"8,905",21.0,6%,33 : 67
1001–1200,National Institute of Technology Rourkela,"7,583",20.6,4%,23 : 77
1001–1200,Necmettin Erbakan University,"18,420",13.4,13%,51 : 49
1001–1200,Niigata University,"12,037",7.6,3%,38 : 62
1001–1200,Northwest University,"26,073",14.0,1%,53 : 47
1001–1200,Oakland University,"15,413",17.8,4%,58 : 42
1001–1200,Obuda University,"11,804",38.4,6%,21 : 79
1001–1200,Okayama University,"13,012",10.4,10%,40 : 60
1001–1200,University of Oviedo,"18,599",11.6,2%,53 : 47
1001–1200,Palacky University Olomouc,"18,673",14.5,13%,69 : 31
1001–1200,University of Patras,"29,393",25.6,6%,51 : 49
1001–1200,Pavol Jozef <U+0160>afarik University in Ko<U+0161>ice,"6,867",10.0,23%,67 : 33
1001–1200,University of Pecs,"17,711",12.6,23%,57 : 43
1001–1200,PMAS Arid Agriculture University Rawalpindi,"11,456",44.8,0%,37 : 63
1001–1200,Polytechnic Institute of Porto,"18,743",16.9,7%,48 : 52
1001–1200,Pondicherry University,"7,291",22.6,1%,47 : 53
1001–1200,Portland State University,"18,067",19.3,6%,58 : 42
1001–1200,Port Said University,"29,534",29.8,0%,49 : 51
1001–1200,Public University of Navarre,"7,806",11.2,8%,51 : 49
1001–1200,University of Puerto Rico,"47,257",17.0,1%,61 : 39
1001–1200,Pusan National University,"21,018",17.0,6%,51 : 49
1001–1200,Reichman University,"8,030",18.7,28%,51 : 49
1001–1200,University Rey Juan Carlos,"43,160",20.3,7%,59 : 41
1001–1200,Rikkyo University,"20,014",15.1,5%,
1001–1200,Robert Gordon University,"8,954",19.1,25%,60 : 40
1001–1200,Rochester Institute of Technology,"14,520",15.7,16%,36 : 64
1001–1200,Rowan University,"17,912",14.4,3%,47 : 53
1001–1200,Sahand University of Technology,"4,595",24.5,0%,35 : 65
1001–1200,Sakarya University,"40,331",25.1,8%,54 : 46
1001–1200,Universidad San Francisco de Quito,"10,338",13.6,5%,49 : 51
1001–1200,University of Sargodha,"23,740",31.0,0%,53 : 47
1001–1200,Semnan University of Medical Sciences and Health Services,"3,536",8.3,7%,64 : 36
1001–1200,University of Seville,"49,155",16.7,12%,58 : 42
1001–1200,Shahid Beheshti University of Medical Sciences,"12,850",8.7,3%,58 : 42
1001–1200,Shahrekord University,"7,268",21.1,0%,56 : 44
1001–1200,Shahrood University of Technology,"8,221",21.1,1%,44 : 56
1001–1200,Shanghai Maritime University,"23,263",16.7,2%,46 : 54
1001–1200,Sidi Mohamed Ben Abdellah University,"90,045",53.3,2%,48 : 52
1001–1200,Siksha ‘O’ Anusandhan,"13,990",12.4,1%,54 : 46
1001–1200,University of Social Welfare and Rehabilitation Sciences,"1,746",10.9,2%,68 : 32
1001–1200,Sogang University,"9,625",24.0,15%,46 : 54
1001–1200,Sohag University,"60,248",26.4,0%,56 : 44
1001–1200,University of South Africa,"236,282",232.2,3%,73 : 27
1001–1200,University of South Dakota,"7,129",14.7,3%,63 : 37
1001–1200,University of the South Pacific,"12,052",36.6,1%,58 : 42
1001–1200,South Valley University,"52,035",30.0,1%,57 : 43
1001–1200,University of South Wales,"15,623",15.4,21%,53 : 47
1001–1200,University of Split,"19,363",16.3,2%,57 : 43
1001–1200,<U+015E>tefan cel Mare University of Suceava,"9,239",24.8,14%,59 : 41
1001–1200,St Marianna University School of Medicine,833,0.9,1%,39 : 61
1001–1200,University of Sunderland,"12,049",15.8,40%,60 : 40
1001–1200,SWPS University of Social Sciences and Humanities,"14,522",37.6,8%,78 : 22
1001–1200,University of Szeged,"20,023",12.5,22%,55 : 45
1001–1200,Tallinn University,"4,178",9.6,16%,71 : 29
1001–1200,Technical University of Crete,"6,597",31.6,4%,37 : 63
1001–1200,Technical University of Madrid,"38,976",15.6,16%,32 : 68
1001–1200,Technological University Dublin,"20,686",18.7,21%,44 : 56
1001–1200,Teesside University,"13,136",19.3,20%,57 : 43
1001–1200,University of Texas Rio Grande Valley,"29,420",23.5,3%,60 : 40
1001–1200,Tokyo Medical University,"1,370",1.7,1%,45 : 55
1001–1200,Tokyo Metropolitan University,"8,829",10.6,6%,39 : 61
1001–1200,Tomsk Polytechnic University,"9,077",9.8,30%,31 : 69
1001–1200,Toyota Technological Institute,489,9.4,2%,8 : 92
1001–1200,University of Tras-os-Montes and Alto Douro,"7,123",11.1,8%,55 : 45
1001–1200,Universiti Tunku Abdul Rahman (UTAR),"18,183",15.8,3%,51 : 49
1001–1200,Ufa State Petroleum Technological University,"13,106",9.4,11%,36 : 64
1001–1200,Urmia University,"13,910",27.2,2%,50 : 50
1001–1200,"University of Veterinary and Animal Sciences, Lahore","7,087",19.6,1%,50 : 50
1001–1200,"Vietnam National University, Hanoi","48,070",15.3,1%,63 : 37
1001–1200,University of Vigo,"17,613",15.4,6%,51 : 49
1001–1200,Waseda University,"46,799",14.6,13%,39 : 61
1001–1200,University of Westminster,"16,947",20.8,50%,61 : 39
1001–1200,Wuhan University of Technology,"55,426",14.9,2%,30 : 70
1001–1200,Xidian University,"37,205",16.0,1%,27 : 73
1001–1200,Yarmouk University,"36,443",33.2,10%,69 : 31
1001–1200,Yasouj University,"5,713",23.6,0%,56 : 44
1001–1200,Y<U+0131>ld<U+0131>z Technical University,"25,532",26.0,11%,48 : 52
1001–1200,University of Zaragoza,"28,085",10.1,8%,54 : 46
1001–1200,Zhejiang Gongshang University,"22,676",15.8,5%,61 : 39
1001–1200,Zhejiang University of Technology,"32,095",14.5,6%,
1001–1200,University of <U+017D>ilina,"7,545",13.4,3%,35 : 65
1001–1200,University of Zimbabwe,"20,598",23.9,0%,51 : 49
1201–1500,Universite 8 Mai 1945 Guelma,"17,530",20.1,1%,67 : 33
1201–1500,Abdelmalek Essaadi University,"112,677",88.2,1%,50 : 50
1201–1500,Acharya Nagarjuna University,"4,872",7.9,7%,38 : 62
1201–1500,Ac<U+0131>badem University,"2,784",6.1,3%,74 : 26
1201–1500,Adolfo Ibanez University,"10,573",25.7,5%,38 : 62
1201–1500,AGH University of Science and Technology,"20,240",12.7,3%,35 : 65
1201–1500,Aichi Medical University,"1,323",2.9,1%,57 : 43
1201–1500,Universitas Airlangga,"26,142",7.7,2%,66 : 34
1201–1500,Akdeniz University,"44,434",32.7,3%,33 : 67
1201–1500,University of Alicante,"22,094",14.4,10%,58 : 42
1201–1500,Altai State University,"9,120",19.6,24%,55 : 45
1201–1500,Anadolu University,"20,815",17.0,3%,53 : 47
1201–1500,"University of the Andes, Chile","9,405",18.9,3%,58 : 42
1201–1500,Andhra University,"9,048",13.2,6%,49 : 51
1201–1500,Universidad Andres Bello (UNAB),"46,325",19.5,4%,54 : 46
1201–1500,Ankara University,"71,311",15.2,5%,46 : 54
1201–1500,University of Antioquia,"38,437",21.5,0%,51 : 49
1201–1500,"Arab Academy for Science, Technology and Maritime Transport","32,049",13.8,12%,33 : 67
1201–1500,Arak University,"6,379",21.3,6%,67 : 33
1201–1500,Ariel University,"12,418",20.7,0%,49 : 51
1201–1500,Ataturk University,"56,419",30.2,3%,51 : 49
1201–1500,Austral University of Chile,"17,434",17.5,1%,53 : 47
1201–1500,Banasthali University,"10,092",17.1,5%,100 : 0
1201–1500,Bandung Institute of Technology (ITB),"20,915",13.9,2%,44 : 56
1201–1500,Bangladesh Agricultural University (BAU),"9,918",17.3,1%,34 : 66
1201–1500,Bangladesh University of Engineering and Technology,"6,268",13.0,0%,22 : 78
1201–1500,University of Benin,"47,468",25.2,0%,50 : 50
1201–1500,Bezmialem Vakif University,"2,904",9.5,6%,71 : 29
1201–1500,BINUS University,"15,331",14.3,4%,41 : 59
1201–1500,Bozok University,"14,642",16.8,6%,50 : 50
1201–1500,University of Brasilia,"45,737",15.2,1%,52 : 48
1201–1500,The British University in Egypt,"11,042",16.2,3%,46 : 54
1201–1500,Brno University of Technology,"18,762",16.6,23%,29 : 71
1201–1500,Bu-Ali Sina University,"10,838",23.4,1%,56 : 44
1201–1500,University of Bucharest,"31,267",32.7,2%,68 : 32
1201–1500,Budapest University of Technology and Economics,"18,728",17.0,12%,31 : 69
1201–1500,University of Cadiz,"18,672",16.8,9%,56 : 44
1201–1500,Canterbury Christ Church University,"10,739",17.7,14%,69 : 31
1201–1500,University of Carthage,"28,962",9.9,1%,67 : 33
1201–1500,The Catholic University of Korea,"9,782",7.1,4%,60 : 40
1201–1500,Catholic University of the North,"11,343",20.4,3%,47 : 53
1201–1500,Chang Gung University of Science and Technology,"6,326",26.5,1%,90 : 10
1201–1500,"University of Chemistry and Technology, Prague","4,006",8.0,22%,58 : 42
1201–1500,University of Chester,"10,433",18.0,15%,68 : 32
1201–1500,Chosun University,"21,073",27.3,3%,48 : 52
1201–1500,Chungbuk National University,"17,219",14.2,5%,44 : 56
1201–1500,Chungnam National University,"21,244",20.7,4%,47 : 53
1201–1500,Chung Yuan Christian University,"15,037",31.3,9%,46 : 54
1201–1500,Cochin University of Science and Technology,"3,969",16.9,1%,60 : 40
1201–1500,University of Colorado Colorado Springs,"12,380",21.2,1%,55 : 45
1201–1500,University of Concepcion,"28,112",17.1,2%,52 : 48
1201–1500,Corvinus University of Budapest,"11,225",21.3,15%,53 : 47
1201–1500,Czech Technical University in Prague,"16,217",8.8,20%,19 : 81
1201–1500,Damghan University,"4,980",28.6,0%,62 : 38
1201–1500,De La Salle University,"12,941",14.9,3%,50 : 50
1201–1500,Del Rosario University,"11,751",13.2,2%,59 : 41
1201–1500,Democritus University of Thrace,"22,230",37.0,4%,56 : 44
1201–1500,Dokuz Eylul University,"56,233",17.6,3%,47 : 53
1201–1500,Ege University,"33,062",18.5,4%,57 : 43
1201–1500,Ehime University,"9,204",13.3,2%,38 : 62
1201–1500,El Bosque University,"12,721",6.6,0%,65 : 35
1201–1500,The University of Electro-Communications,"4,662",15.4,6%,12 : 88
1201–1500,Erciyes University,"50,212",36.2,4%,47 : 53
1201–1500,Escuela Superior Politecnica del Litoral,"11,549",12.8,1%,38 : 62
1201–1500,Universidade do Estado do Rio de Janeiro (UERJ),"22,458",9.1,0%,56 : 44
1201–1500,Far Eastern Federal University,"15,585",12.3,21%,
1201–1500,Universidade Federal do ABC (UFABC),"16,706",22.2,1%,35 : 65
1201–1500,Universidade Federal da Bahia,"45,692",17.4,0%,51 : 49
1201–1500,Federal University of Espirito Santo,"23,475",13.4,1%,54 : 46
1201–1500,Federal University of Goias,"25,511",13.7,1%,50 : 50
1201–1500,Federal University of Lavras,"14,637",18.4,1%,52 : 48
1201–1500,Universidade Federal do Parana (UFPR),"33,621",13.4,0%,63 : 37
1201–1500,Federal University of Rio Grande do Norte (UFRN),"37,879",14.7,0%,40 : 60
1201–1500,Federal University of Santa Maria,"27,242",13.7,1%,53 : 47
1201–1500,Federal University of Sao Carlos,"20,314",15.4,1%,50 : 50
1201–1500,Federal University of Uberlandia,"25,748",13.6,1%,52 : 48
1201–1500,Federal University of Vicosa,"16,436",13.3,2%,55 : 45
1201–1500,Federico Santa Maria Technical University,"22,405",30.0,3%,26 : 74
1201–1500,University of Fort Hare,"13,626",38.4,2%,57 : 43
1201–1500,University of La Frontera,"11,053",22.0,1%,50 : 50
1201–1500,Fujian Normal University,"31,697",14.2,2%,
1201–1500,Universite de Gabes,"13,152",12.8,1%,75 : 25
1201–1500,Universitas Gadjah Mada,"38,089",8.1,4%,55 : 45
1201–1500,Gazi University,"41,358",20.6,3%,50 : 50
1201–1500,University of Gda<U+0144>sk,"19,970",23.9,2%,67 : 33
1201–1500,Gda<U+0144>sk University of Technology,"14,816",19.9,5%,38 : 62
1201–1500,Gebze Technical University,"8,403",22.7,2%,43 : 57
1201–1500,Georgia Southern University,"22,885",18.8,3%,59 : 41
1201–1500,German University in Cairo,"11,937",14.9,1%,44 : 56
1201–1500,Gifu University,"7,216",7.5,5%,38 : 62
1201–1500,Government College University Lahore,"11,276",19.4,0%,42 : 58
1201–1500,Grand Valley State University,"20,972",15.3,1%,61 : 39
1201–1500,Gunma University,"6,300",7.7,5%,38 : 62
1201–1500,Gyeongsang National University,"12,996",12.3,3%,47 : 53
1201–1500,Hallym University,"7,947",9.4,4%,
1201–1500,Harbin Engineering University,"29,861",18.7,3%,23 : 77
1201–1500,Hasanuddin University,"33,601",14.6,1%,60 : 40
1201–1500,The Hashemite University,"16,647",27.9,7%,61 : 39
1201–1500,Universite Hassan II de Casablanca,"124,623",36.0,2%,52 : 48
1201–1500,Universite Polytechnique Hauts-de-France,"13,633",21.2,13%,46 : 54
1201–1500,Helwan University,"127,379",19.3,2%,53 : 47
1201–1500,Hosei University,"30,300",39.2,4%,38 : 62
1201–1500,University of Hradec Kralove,"6,390",12.3,3%,65 : 35
1201–1500,Hungarian University of Agriculture and Life Sciences,"10,474",10.5,14%,53 : 47
1201–1500,University of Ilorin,"40,901",34.8,1%,48 : 52
1201–1500,Immanuel Kant Baltic Federal University,"7,041",16.2,15%,62 : 38
1201–1500,Incheon National University,"13,210",17.3,3%,
1201–1500,Indian Institute of Science Education and Research Bhopal,"1,724",14.1,0%,32 : 68
1201–1500,International Hellenic University,"45,009",49.0,1%,54 : 46
1201–1500,IPB University,"23,580",6.7,3%,58 : 42
1201–1500,Irkutsk National Research Technical University,"9,710",10.8,10%,38 : 62
1201–1500,University of Isfahan,"16,756",24.7,4%,61 : 39
1201–1500,Istanbul Medipol University,"24,332",20.4,11%,65 : 35
1201–1500,Ivan Franko National University of Lviv,"18,357",10.0,1%,65 : 35
1201–1500,Jawaharlal Nehru Technological University Anantapur (JNTUA),"5,683",16.1,0%,38 : 62
1201–1500,Jeju National University,"11,741",17.6,4%,52 : 48
1201–1500,Jianghan University,"19,522",15.5,2%,55 : 45
1201–1500,Kagawa University,"6,369",9.9,2%,42 : 58
1201–1500,Kanazawa Medical University,"1,090",2.2,2%,54 : 46
1201–1500,Kangwon National University,"22,104",22.0,3%,41 : 59
1201–1500,Karabuk University,"47,263",41.8,22%,39 : 61
1201–1500,Kaunas University of Technology,"8,361",14.2,8%,34 : 66
1201–1500,Kazan National Research Technical University,"7,068",12.7,12%,26 : 74
1201–1500,Kazan National Research Technological University,"13,064",11.4,17%,41 : 59
1201–1500,Kazan State Medical University,"5,657",10.4,25%,61 : 39
1201–1500,Kharazmi University,"12,607",19.0,4%,54 : 46
1201–1500,Khon Kaen University,"34,434",18.1,2%,59 : 41
1201–1500,Khulna University of Engineering and Technology (KUET),"5,562",15.0,0%,23 : 77
1201–1500,King Mongkut's University of Technology North Bangkok,"27,055",22.8,0%,43 : 57
1201–1500,Kitasato University,"8,605",5.2,1%,54 : 46
1201–1500,Kochi University of Technology,"2,593",20.3,2%,25 : 75
1201–1500,Universiti Kuala Lumpur,"15,858",12.3,3%,41 : 59
1201–1500,Kyushu Institute of Technology (Kyutech),"5,646",16.0,5%,14 : 86
1201–1500,Lahore College for Women University (LCWU),"10,457",17.7,0%,100 : 0
1201–1500,University of Lethbridge,"7,172",13.3,11%,
1201–1500,L.N. Gumilyov Eurasian National University,"19,358",14.1,4%,57 : 43
1201–1500,Lobachevsky State University of Nizhni Novgorod,"18,767",9.1,12%,51 : 49
1201–1500,Londrina State University,"21,180",11.2,1%,58 : 42
1201–1500,University of Lucknow,"17,291",39.2,0%,50 : 50
1201–1500,"Lumiere University, Lyon 2","25,186",47.2,18%,68 : 32
1201–1500,University of Malaga,"35,888",13.8,6%,54 : 46
1201–1500,Universiti Malaysia Kelantan,"8,787",20.1,3%,71 : 29
1201–1500,Universiti Malaysia Sarawak (UNIMAS),"13,956",17.9,7%,73 : 27
1201–1500,University of Maribor,"12,403",14.3,10%,53 : 47
1201–1500,Marmara University,"62,414",30.6,6%,51 : 49
1201–1500,Mendel University in Brno,"8,886",16.5,20%,57 : 43
1201–1500,Metropolitan Autonomous University,"59,709",21.1,1%,50 : 50
1201–1500,Mie University,"7,125",8.4,4%,38 : 62
1201–1500,Ming Chi University of Technology,"4,514",19.5,2%,26 : 74
1201–1500,Mohammed V University of Rabat,"88,644",43.3,3%,52 : 48
1201–1500,University of Monastir,"19,203",9.6,2%,70 : 30
1201–1500,Moscow Aviation Institute,"15,493",12.8,12%,28 : 72
1201–1500,Moscow State University of Civil Engineering,"11,918",12.7,8%,
1201–1500,Multimedia University,"7,116",10.6,11%,51 : 49
1201–1500,University of Mumbai,"13,330",23.5,1%,51 : 49
1201–1500,University of Mysore,"7,970",21.4,10%,42 : 58
1201–1500,Nagaoka University of Technology,"2,189",11.1,12%,10 : 90
1201–1500,Nagasaki University,"8,869",6.7,6%,39 : 61
1201–1500,Nagoya City University,"4,514",7.5,4%,48 : 52
1201–1500,National Chengchi University,"12,489",14.8,13%,57 : 43
1201–1500,National Chin-Yi University of Technology,"7,294",23.2,5%,30 : 70
1201–1500,National Chung Cheng University,"8,650",15.4,4%,44 : 56
1201–1500,National Chung Hsing University,"15,150",16.8,7%,41 : 59
1201–1500,National University of Distance Education (UNED),"66,141",56.9,5%,54 : 46
1201–1500,National Dong Hwa University,"10,008",17.8,8%,52 : 48
1201–1500,National Research University of Electronic Technology (MIET),"4,736",9.3,7%,28 : 72
1201–1500,National Research Saratov State University,"9,826",9.3,11%,58 : 42
1201–1500,National University of San Martin,"16,276",16.1,5%,60 : 40
1201–1500,National Technical University Kharkiv Polytechnic Institute,"11,413",7.9,13%,32 : 68
1201–1500,National Technical University of Ukraine – Igor Sikorsky Kyiv Polytechnic Institute,"21,170",8.0,3%,30 : 70
1201–1500,Nicolaus Copernicus University in Toru<U+0144>,"19,684",13.0,4%,67 : 33
1201–1500,University of Nigeria Nsukka,"43,108",11.4,1%,46 : 54
1201–1500,Slovak University of Agriculture in Nitra,"4,870",11.3,3%,52 : 48
1201–1500,University of North Carolina Wilmington,"15,940",19.1,2%,64 : 36
1201–1500,North China Electric Power University,"37,861",19.1,3%,36 : 64
1201–1500,"University of the North, Colombia","13,991",19.0,1%,51 : 49
1201–1500,Obafemi Awolowo University,"29,939",23.3,0%,41 : 59
1201–1500,Oles Honchar Dnipro National University,"9,522",12.1,1%,60 : 40
1201–1500,Opole University of Technology,"5,604",14.5,7%,33 : 67
1201–1500,Oran 1 University,"25,775",19.2,1%,66 : 34
1201–1500,Osaka Metropolitan University,"15,827",11.5,5%,37 : 63
1201–1500,Osmania University,"10,814",23.7,3%,32 : 68
1201–1500,University of Ostrava,"8,492",16.4,11%,69 : 31
1201–1500,University of Pannonia,"5,351",17.3,6%,49 : 51
1201–1500,Paris Nanterre University,"34,972",37.4,17%,63 : 37
1201–1500,University of Pau and Pays de l’Adour,"14,186",14.5,14%,52 : 48
1201–1500,Universitas Pendidikan Indonesia,"32,320",20.1,1%,64 : 36
1201–1500,Persian Gulf University,"5,070",21.3,3%,55 : 45
1201–1500,Pirogov Russian National Research Medical University,"9,607",5.9,5%,74 : 26
1201–1500,Pontifical Catholic University of Peru,"25,644",7.8,1%,46 : 54
1201–1500,Pontifical Catholic University of Valparaiso,"17,703",26.6,1%,43 : 57
1201–1500,Pontificia Universidade Catolica do Parana,"12,301",14.7,1%,55 : 45
1201–1500,Poznan University of Medical Sciences,"7,495",6.0,14%,72 : 28
1201–1500,Poznan University of Technology,"14,502",11.6,4%,33 : 67
1201–1500,University of Primorska,"6,089",16.6,15%,76 : 24
1201–1500,Prince of Songkla University,"32,779",13.0,2%,70 : 30
