University,Total students,PG students,UG students,International students,PG students.1,UG students.1,Total faculty staff,Int'l staff,Domestic staff
Massachusetts Institute of Technology (MIT),"11,035",39%,61%,"3,627",17%,83%,"2,919",45%,55%
University of Cambridge,"20,871",63%,37%,"7,865",40%,60%,"5,735",48%,52%
Stanford University,"14,518",41%,59%,"3,318",20%,80%,"4,694",51%,49%
University of Oxford,"21,972",56%,44%,"9,024",30%,70%,"6,650",55%,45%
Harvard University,"21,877",26%,74%,"5,379",12%,88%,"4,480",73%,27%
California Institute of Technology (Caltech),"2,240",40%,60%,683,10%,90%,969,50%,50%
Imperial College London,"20,191",55%,45%,"12,332",49%,51%,"4,099",46%,54%
UCL,"41,194",52%,48%,"25,076",50%,50%,"7,251",53%,47%
ETH Zurich,"20,892",47%,53%,"8,420",26%,74%,"2,820",23%,77%
University of Chicago,"16,325",43%,57%,"4,442",24%,76%,"2,703",69%,31%
National University of Singapore (NUS),"30,725",82%,18%,"8,129",53%,47%,"4,268",37%,63%
Peking University,"31,873",53%,47%,"5,436",61%,39%,"5,361",77%,23%
University of Pennsylvania,"22,261",44%,56%,"5,426",24%,76%,"5,069",59%,41%
Tsinghua University,"36,893",43%,57%,"5,162",46%,54%,"6,136",94%,6%
The University of Edinburgh,"33,861",71%,29%,"15,268",57%,43%,"4,865",54%,46%
EPFL,"10,919",50%,50%,"6,837",42%,58%,"1,757",20%,80%
Princeton University,"7,767",60%,40%,"1,813",30%,70%,"1,066",92%,8%
Yale University,"11,283",52%,48%,"3,118",22%,78%,"5,527",65%,35%
"Nanyang Technological University, Singapore (NTU)","25,895",80%,20%,"6,900",47%,53%,"3,735",35%,65%
Cornell University,"23,188",63%,37%,"5,015",29%,71%,"2,838",80%,20%
The University of Hong Kong,"19,958",74%,26%,"8,353",59%,41%,"2,957",30%,70%
Columbia University,"25,914",30%,70%,"8,686",16%,84%,"7,401",84%,16%
The University of Tokyo,"27,826",50%,50%,"4,063",12%,88%,"4,534",93%,7%
Johns Hopkins University,"14,891",39%,61%,"4,251",22%,78%,"4,969",76%,24%
University of Michigan-Ann Arbor,"45,651",66%,34%,"7,341",40%,60%,"7,132",73%,27%
Universite PSL,"14,591",25%,75%,"5,536",17%,83%,"3,180",77%,23%
"University of California, Berkeley (UCB)","40,468",75%,25%,"8,989",66%,34%,"3,405",62%,38%
The University of Manchester,"41,182",69%,31%,"18,345",57%,43%,"4,829",62%,38%
Seoul National University,"24,451",65%,35%,"2,014",70%,30%,"3,838",92%,8%
Australian National University (ANU),"17,269",61%,39%,"6,152",35%,65%,"1,716",40%,60%
McGill University,"30,391",76%,24%,"11,082",69%,31%,"3,926",66%,34%
Northwestern University,"19,273",42%,58%,"3,384",24%,76%,"3,579",82%,18%
The University of Melbourne,"48,157",54%,46%,"22,559",47%,53%,"3,668",63%,37%
Fudan University,"30,385",53%,47%,"5,322",63%,37%,"4,771",65%,35%
University of Toronto,"81,016",76%,24%,"30,014",78%,22%,"10,191",60%,40%
Kyoto University,"22,537",53%,47%,"2,905",7%,93%,"3,863",91%,9%
King's College London,"33,399",61%,39%,"17,592",55%,45%,"4,027",55%,45%
The Chinese University of Hong Kong (CUHK),"18,300",85%,15%,"6,062",70%,30%,"2,217",46%,54%
New York University (NYU),"33,331",56%,44%,"11,936",46%,54%,"7,386",85%,15%
The Hong Kong University of Science and Technology,"9,581",82%,18%,"3,041",52%,48%,"1,176",21%,79%
The University of Sydney,"57,354",61%,39%,"35,254",53%,47%,"3,297",53%,47%
KAIST - Korea Advanced Institute of Science & Technology,"9,974",34%,66%,916,43%,57%,"1,289",88%,12%
Zhejiang University,"48,150",48%,52%,"7,463",52%,48%,"5,084",53%,47%
"University of California, Los Angeles (UCLA)","45,771",70%,30%,"6,647",48%,52%,"4,532",81%,19%
The University of New South Wales (UNSW Sydney),"37,891",74%,26%,"17,748",61%,39%,"3,149",44%,56%
Shanghai Jiao Tong University,"38,056",46%,54%,"6,637",62%,38%,"4,492",89%,11%
University of British Columbia,"51,766",82%,18%,"13,917",75%,25%,"6,269",65%,35%
Institut Polytechnique de Paris,"5,930",26%,74%,"2,417",22%,78%,"1,148",56%,44%
Technical University of Munich,"34,724",49%,51%,"13,001",37%,63%,"6,855",73%,27%
Duke University,"15,969",41%,59%,"3,445",18%,82%,"5,608",89%,11%
The University of Queensland,"42,871",65%,35%,"23,372",51%,49%,"3,339",40%,60%
Carnegie Mellon University,"12,692",50%,50%,"4,786",22%,78%,"1,537",84%,16%
"University of California, San Diego (UCSD)","38,568",81%,19%,"8,184",65%,35%,"4,476",78%,22%
City University of Hong Kong,"8,876",66%,34%,"5,337",41%,59%,"1,382",20%,80%
Tokyo Institute of Technology (Tokyo Tech),"9,928",48%,52%,"1,720",16%,84%,"1,431",84%,16%
The London School of Economics and Political Science (LSE),"12,349",45%,55%,"8,958",36%,64%,"1,224",36%,64%
Monash University,"56,357",70%,30%,"31,022",60%,40%,"3,644",44%,56%
University of Amsterdam,"36,003",64%,36%,"10,464",64%,36%,"2,989",63%,37%
Ludwig-Maximilians-Universitat Munchen,"34,444",66%,34%,"6,042",51%,49%,"4,024",75%,25%
Sorbonne University,"42,298",48%,52%,"9,078",40%,60%,"4,543",86%,14%
Delft University of Technology,"21,238",46%,54%,"6,358",24%,76%,"2,036",50%,50%
University of Bristol,"27,627",76%,24%,"8,404",55%,45%,"3,230",64%,36%
Brown University,"10,308",69%,31%,"2,088",45%,55%,"1,477",69%,31%
The University of Warwick,"25,291",71%,29%,"10,987",55%,45%,"2,535",56%,44%
Universitat Heidelberg,"19,315",74%,26%,"3,793",59%,41%,"4,186",79%,21%
The Hong Kong Polytechnic University,"21,207",69%,31%,"6,103",34%,66%,"2,971",43%,57%
Universidad de Buenos Aires (UBA),"117,449",92%,8%,"29,516",88%,12%,"16,103",76%,24%
Osaka University,"22,753",65%,35%,"2,296",22%,78%,"2,132",87%,13%
Universite Paris-Saclay,"29,592",26%,74%,"7,028",11%,89%,"7,368",81%,19%
Universiti Malaya (UM),"19,157",69%,31%,"4,053",21%,79%,"2,403",83%,17%
Pohang University of Science And Technology (POSTECH),"3,146",38%,62%,92,0%,100%,762,84%,16%
University of Texas at Austin,"48,128",79%,21%,"4,074",38%,62%,"2,974",95%,5%
Yonsei University,"24,442",77%,23%,"5,046",88%,12%,"3,803",89%,11%
Korea University,"25,306",72%,28%,"4,052",84%,16%,"3,828",91%,9%
Lomonosov Moscow State University,"30,385",58%,42%,"10,341",51%,49%,"6,572",89%,11%
KU Leuven,"49,513",46%,54%,"9,243",22%,78%,"2,800",63%,37%
National Taiwan University (NTU),"31,732",54%,46%,"5,058",66%,34%,"2,992",89%,11%
University of Southampton,"20,057",70%,30%,"7,090",46%,54%,"2,483",59%,41%
Tohoku University,"17,676",60%,40%,"1,928",12%,88%,"3,412",91%,9%
University of Washington,"43,692",68%,32%,"7,352",63%,37%,"2,796",85%,15%
University of Glasgow,"32,330",61%,39%,"13,848",36%,64%,"3,554",60%,40%
University of Copenhagen,"30,326",51%,49%,"5,382",40%,60%,"7,293",64%,36%
University of Wisconsin-Madison,"40,700",74%,26%,"5,458",54%,46%,"5,332",78%,22%
University of Zurich,"21,842",53%,47%,"4,494",28%,72%,"3,761",46%,54%
University of Illinois at Urbana-Champaign,"46,173",70%,30%,"8,969",47%,53%,"2,818",89%,11%
University of Leeds,"34,422",77%,23%,"10,710",53%,47%,"3,539",67%,33%
The University of Auckland,"27,805",84%,16%,"9,541",70%,30%,"2,286",50%,50%
Georgia Institute of Technology,"26,081",70%,30%,"5,631",24%,76%,"3,828",79%,21%
KTH Royal Institute of Technology,"13,198",56%,44%,"3,365",25%,75%,"1,721",58%,42%
The University of Western Australia,"18,532",63%,37%,"9,013",56%,44%,"1,539",33%,67%
University of Birmingham,"33,430",71%,29%,"10,533",53%,47%,"3,518",64%,36%
Durham University,"19,922",80%,20%,"6,255",63%,37%,"1,837",58%,42%
Pennsylvania State University,"44,827",86%,14%,"6,943",64%,36%,"4,207",87%,13%
University of Science and Technology of China,"19,280",40%,60%,"1,038",3%,97%,"2,993",89%,11%
Lund University,"30,184",69%,31%,"8,297",49%,51%,"3,380",59%,41%
The University of Sheffield,"28,124",67%,33%,"11,193",46%,54%,"3,366",67%,33%
University of St Andrews,"10,485",79%,21%,"4,818",70%,30%,"1,272",55%,45%
"Trinity College Dublin, The University of Dublin","16,019",76%,24%,"5,593",59%,41%,"1,383",51%,49%
Sungkyunkwan University (SKKU),"22,397",77%,23%,"3,923",76%,24%,"3,307",89%,11%
Rice University,"7,956",53%,47%,"2,765",38%,62%,"1,014",65%,35%
University of Oslo,"20,108",33%,67%,"3,607",20%,80%,"2,600",67%,33%
"University of California, Davis","34,934",83%,17%,"8,842",77%,23%,"3,050",68%,32%
University of North Carolina at Chapel Hill,"33,018",72%,28%,"2,666",62%,38%,"4,713",86%,14%
Technical University of Denmark,"9,598",52%,48%,"2,650",14%,86%,"2,251",47%,53%
Universidad Nacional Autonoma de Mexico (UNAM),"156,596",81%,19%,"3,847",48%,52%,"16,351",94%,6%
King Abdulaziz University (KAU),"32,346",83%,17%,"6,915",69%,31%,"4,092",54%,46%
University of Helsinki,"23,059",55%,45%,"1,266",18%,82%,"2,922",74%,26%
Boston University,"25,448",63%,37%,"7,577",55%,45%,"2,589",84%,16%
The University of Adelaide,"23,050",74%,26%,"10,945",60%,40%,"1,649",51%,49%
University of Alberta,"30,547",80%,20%,"8,406",63%,37%,"3,493",58%,42%
Ecole Normale Superieure de Lyon,"2,194",12%,88%,247,2%,98%,369,75%,25%
Nagoya University,"15,658",61%,39%,"1,908",14%,86%,"2,504",91%,9%
Utrecht University,"33,748",62%,38%,"4,454",41%,59%,"3,254",77%,23%
University of Nottingham,"33,984",79%,21%,"9,324",57%,43%,"3,338",64%,36%
Universidade de Sao Paulo,"65,027",56%,44%,"1,693",14%,86%,"4,910",95%,5%
Aalto University,"13,149",49%,51%,"2,199",15%,85%,"1,387",61%,39%
Universite de Montreal,"39,775",66%,34%,"8,443",56%,44%,"5,462",65%,35%
Freie Universitaet Berlin,"24,567",63%,37%,"4,510",39%,61%,"1,405",76%,24%
Washington University in St. Louis,"13,854",52%,48%,"2,987",17%,83%,"3,219",69%,31%
University of Bern,"9,688",44%,56%,"1,776",15%,85%,"1,212",43%,57%
Pontificia Universidad Catolica de Chile (UC),"29,291",85%,15%,"1,133",37%,63%,"2,406",90%,10%
Newcastle University,"26,602",79%,21%,"7,205",59%,41%,"2,671",70%,30%
Universiti Putra Malaysia (UPM),"16,403",58%,42%,"5,949",34%,66%,"2,238",81%,19%
Wageningen University & Research,"15,102",40%,60%,"4,131",8%,92%,"2,767",79%,21%
Chalmers University of Technology,"10,103",56%,44%,"2,641",31%,69%,"1,147",45%,55%
Queen Mary University of London,"22,463",71%,29%,"10,039",54%,46%,"2,305",52%,48%
University of Geneva,"17,744",51%,49%,"6,871",38%,62%,"1,814",40%,60%
Uppsala University,"24,749",67%,33%,"7,383",48%,52%,"2,998",54%,46%
Purdue University,"40,335",80%,20%,"8,034",56%,44%,"2,622",82%,18%
Universiti Kebangsaan Malaysia (UKM),"17,093",70%,30%,"3,060",31%,69%,"2,837",82%,18%
Humboldt-Universitat zu Berlin,"33,999",62%,38%,"5,535",40%,60%,"2,008",77%,23%
Leiden University,"33,767",63%,37%,"6,631",52%,48%,"2,769",67%,33%
Nanjing University,"35,400",40%,60%,"2,513",59%,41%,"3,396",78%,22%
University of Southern California,"44,156",46%,54%,"12,224",26%,74%,"3,165",84%,16%
Kyushu University,"18,585",63%,37%,"2,305",15%,85%,"2,773",91%,9%
University of Basel,"8,632",42%,58%,"2,596",25%,75%,"1,057",36%,64%
University of Technology Sydney,"23,667",75%,25%,"9,664",57%,43%,"1,559",63%,37%
Eindhoven University of Technology,"10,873",51%,49%,"2,532",47%,53%,"1,210",43%,57%
Politecnico di Milano,"35,205",59%,41%,"7,525",21%,79%,"1,745",77%,23%
The Ohio State University,"55,381",79%,21%,"5,991",65%,35%,"6,191",82%,18%
Hokkaido University,"17,704",64%,36%,"1,984",14%,86%,"2,467",90%,10%
"KIT, Karlsruhe Institute of Technology","19,731",60%,40%,"3,758",45%,55%,"2,019",74%,26%
Ghent University,"39,447",53%,47%,"4,993",22%,78%,"5,783",73%,27%
Universiti Sains Malaysia (USM),"18,570",61%,39%,"5,618",26%,74%,"2,329",87%,13%
University of Groningen,"33,664",63%,37%,"10,529",62%,38%,"3,867",62%,38%
Lancaster University,"16,362",75%,25%,"5,876",70%,30%,"1,442",62%,38%
RWTH Aachen University,"41,057",53%,47%,"11,877",39%,61%,"2,001",80%,20%
University of Rochester,"10,364",62%,38%,"3,775",53%,47%,"1,687",72%,28%
"University of California, Santa Barbara (UCSB)","25,553",89%,11%,"3,774",77%,23%,"1,620",77%,23%
Al-Farabi Kazakh National University,"20,706",77%,23%,"3,523",82%,18%,"4,273",85%,15%
University of Vienna,"46,198",64%,36%,"14,970",55%,45%,"3,971",54%,46%
McMaster University,"27,216",86%,14%,"6,146",77%,23%,"4,052",53%,47%
Stockholm University,"25,375",78%,22%,"7,800",72%,28%,"2,325",69%,31%
University of Waterloo,"35,088",87%,13%,"10,269",78%,22%,"1,908",70%,30%
Emory University,"13,153",52%,48%,"2,043",52%,48%,"2,613",80%,20%
Indian Institute of Science,"3,874",13%,87%,59,12%,88%,452,92%,8%
Hanyang University,"22,313",91%,9%,"4,432",62%,38%,"3,294",89%,11%
Technische Universitat Berlin (TU Berlin),"20,951",61%,39%,"5,640",42%,58%,"2,702",81%,19%
Michigan State University,"44,513",80%,20%,"4,934",62%,38%,"3,030",76%,24%
King Fahd University of Petroleum & Minerals,"7,255",83%,17%,928,38%,62%,"1,128",30%,70%
Aarhus University,"28,173",55%,45%,"3,052",36%,64%,"2,639",66%,34%
University of York,"19,964",72%,28%,"5,988",42%,58%,"1,974",66%,34%
University of Exeter,"27,710",78%,22%,"7,691",64%,36%,"2,571",63%,37%
Texas A&M University,"64,752",79%,21%,"6,522",37%,63%,"3,049",87%,13%
"University of Maryland, College Park","37,081",78%,22%,"3,818",30%,70%,"3,651",88%,12%
Cardiff University,"29,758",73%,27%,"7,978",45%,55%,"2,995",68%,32%
Alma Mater Studiorum - University of Bologna,"73,000",55%,45%,"6,175",40%,60%,"2,913",95%,5%
Universidad de Chile,"35,772",90%,10%,"1,916",38%,62%,"2,405",94%,6%
Eberhard Karls Universitat Tubingen,"22,545",47%,53%,"3,182",26%,74%,"4,615",74%,26%
Tecnologico de Monterrey,"47,416",96%,4%,"3,458",92%,8%,"5,946",89%,11%
Sapienza University of Rome,"71,824",55%,45%,"6,298",42%,58%,"3,258",98%,2%
Indian Institute of Technology Bombay (IITB),"12,047",46%,54%,103,0%,100%,987,97%,3%
Western University,"29,752",77%,23%,"6,573",64%,36%,"1,312",49%,51%
Ecole des Ponts ParisTech,"1,976",26%,74%,687,12%,88%,389,84%,16%
Indian Institute of Technology Delhi (IITD),"10,111",44%,56%,127,1%,99%,896,98%,2%
Case Western Reserve University,"10,744",50%,50%,"2,575",44%,56%,"1,717",80%,20%
National Tsing Hua University,"13,227",61%,39%,"1,572",41%,59%,"1,266",90%,10%
Universitat Autonoma de Barcelona,"32,395",77%,23%,"3,971",34%,66%,"2,138",89%,11%
Technische Universitat Wien,"11,256",57%,43%,"3,508",51%,49%,776,70%,30%
University of Bath,"16,711",80%,20%,"4,990",67%,33%,"1,320",58%,42%
Khalifa University,"3,208",81%,19%,826,48%,52%,521,10%,90%
University College Dublin,"22,484",72%,28%,"5,305",49%,51%,"1,852",55%,45%
University of Pittsburgh,"27,425",71%,29%,"2,695",31%,69%,"4,861",95%,5%
Universitat de Barcelona,"44,366",81%,19%,"6,308",60%,40%,"3,076",91%,9%
University of Gothenburg,"21,293",48%,52%,"6,007",37%,63%,"2,688",65%,35%
University of Minnesota Twin Cities,"33,764",66%,34%,"2,747",37%,63%,"5,058",95%,5%
University of Wollongong,"17,520",73%,27%,"4,463",31%,69%,"1,408",62%,38%
University of Florida,"47,381",68%,32%,"4,143",20%,80%,"6,249",90%,10%
Albert-Ludwigs-Universitaet Freiburg,"20,613",56%,44%,"3,731",38%,62%,"2,053",74%,26%
RMIT University,"33,073",76%,24%,"11,594",53%,47%,"1,749",38%,62%
University of Liverpool,"26,560",82%,18%,"8,272",70%,30%,"2,728",66%,34%
"The University of Newcastle, Australia (UON)","11,455",89%,11%,"1,168",60%,40%,"1,093",51%,49%
Curtin University,"24,267",86%,14%,"4,570",59%,41%,"1,696",41%,59%
Wuhan University,"55,605",55%,45%,"3,588",64%,36%,"3,868",82%,18%
Macquarie University,"24,512",79%,21%,"7,656",60%,40%,"1,647",69%,31%
Universite catholique de Louvain (UCLouvain),"27,556",51%,49%,"4,805",48%,52%,"1,308",65%,35%
Keio University,"33,535",86%,14%,"3,101",57%,43%,"4,042",93%,7%
Ulsan National Institute of Science and Technology (UNIST),"3,740",47%,53%,339,45%,55%,548,84%,16%
Vanderbilt University,"12,696",55%,45%,"1,932",53%,47%,"3,736",83%,17%
Technische Universitat Dresden,"31,058",25%,75%,"5,275",13%,87%,"4,766",82%,18%
Rheinische Friedrich-Wilhelms-Universitat Bonn,"21,313",78%,22%,"3,369",60%,40%,"4,364",79%,21%
National Yang Ming Chiao Tung University,"13,268",54%,46%,"1,968",35%,65%,"1,528",88%,12%
Universiti Teknologi Malaysia,"19,467",69%,31%,"5,468",36%,64%,"2,056",92%,8%
University of Lausanne,"14,457",59%,41%,"3,261",48%,52%,"1,467",51%,49%
Dartmouth College,"6,633",67%,33%,"1,061",44%,56%,832,96%,4%
Waseda University,"43,363",81%,19%,"7,208",49%,51%,"3,817",86%,14%
University of Bergen,"11,918",44%,56%,832,20%,80%,"1,634",67%,33%
Erasmus University Rotterdam,"30,817",63%,37%,"6,500",57%,43%,"2,713",68%,32%
Qatar University,"10,081",91%,9%,"3,643",83%,17%,"1,197",21%,79%
Universidade Estadual de Campinas (Unicamp),"28,076",57%,43%,886,11%,89%,"1,841",94%,6%
Universite libre de Bruxelles,"29,267",51%,49%,"9,075",43%,57%,"1,077",58%,42%
Tongji University,"30,360",48%,52%,"5,095",57%,43%,"2,792",75%,25%
University of Twente,"12,421",60%,40%,"4,129",68%,32%,"1,222",55%,45%
Vrije Universiteit Amsterdam,"30,159",57%,43%,"4,875",50%,50%,"2,648",74%,26%
Universidad Autonoma de Madrid,"29,316",71%,29%,"3,001",43%,57%,"2,894",94%,6%
University of Gottingen,"29,918",47%,53%,"3,999",22%,78%,"3,717",80%,20%
Harbin Institute of Technology,"27,175",60%,40%,"1,856",34%,66%,"3,024",94%,6%
University of Otago,"19,602",81%,19%,"3,222",61%,39%,"1,244",40%,60%
Arizona State University,"49,502",85%,15%,"8,478",56%,44%,"2,856",74%,26%
Universidad de los Andes,"15,312",86%,14%,209,70%,30%,"1,201",85%,15%
University of Aberdeen,"12,686",73%,27%,"5,020",62%,38%,"1,205",61%,39%
Queensland University of Technology (QUT),"35,202",85%,15%,"6,403",58%,42%,"1,986",57%,43%
The Hebrew University of Jerusalem,"17,044",63%,37%,"1,089",37%,63%,"2,396",76%,24%
Chulalongkorn University,"33,577",76%,24%,911,15%,85%,"3,384",94%,6%
National Cheng Kung University (NCKU),"21,260",56%,44%,"2,900",56%,44%,"2,168",86%,14%
Complutense University of Madrid,"58,159",83%,17%,"6,034",67%,33%,"4,778",96%,4%
Southern University of Science and Technology (SUSTech),"6,514",66%,34%,77,70%,30%,"1,206",83%,17%
Universitat Hamburg,"28,860",70%,30%,"3,626",47%,53%,"2,032",81%,19%
University of Reading,"16,324",75%,25%,"4,896",65%,35%,"1,312",62%,38%
Bauman Moscow State Technical University,"16,222",37%,63%,"3,977",47%,53%,"3,909",77%,23%
Gadjah Mada University,"39,209",74%,26%,680,69%,31%,"4,802",83%,17%
Radboud University,"23,362",58%,42%,"2,800",54%,46%,"2,037",72%,28%
Queen's University Belfast,"21,856",76%,24%,"10,010",62%,38%,"2,001",53%,47%
Universitat Pompeu Fabra (Barcelona),"12,648",82%,18%,"1,633",34%,66%,785,74%,26%
Bandung Institute of Technology (ITB),"22,700",63%,37%,703,63%,37%,"2,983",61%,39%
"University of California, Irvine","35,562",81%,19%,"8,959",74%,26%,"2,811",73%,27%
King Saud University,"30,006",90%,10%,"3,977",72%,28%,"3,630",51%,49%
University of Cape Town,"21,005",72%,28%,"3,204",50%,50%,"1,503",76%,24%
University of Ottawa,"38,366",78%,22%,"9,845",73%,27%,"1,722",64%,36%
USI - Universita della Svizzera italiana,"2,695",48%,52%,"1,864",44%,56%,403,23%,77%
University of Sussex,"17,943",79%,21%,"6,174",69%,31%,"1,321",58%,42%
University of Calgary,"33,630",81%,19%,"7,176",66%,34%,"2,717",70%,30%
Universidad Nacional de Colombia,"58,478",86%,14%,579,77%,23%,"3,022",95%,5%
University of Notre Dame,"12,617",70%,30%,"1,315",37%,63%,"1,535",88%,12%
Universita di Padova,"46,722",58%,42%,"2,986",38%,62%,"2,828",93%,7%
Queen's University at Kingston,"25,409",80%,20%,"4,093",67%,33%,"1,311",73%,27%
Yeshiva University,"4,897",53%,47%,367,48%,52%,485,%,%
Universitas Indonesia,"36,053",69%,31%,"1,652",72%,28%,"4,799",73%,27%
Universite Paris Cite,"62,747",50%,50%,"11,825",39%,61%,"3,673",89%,11%
Indian Institute of Technology Madras (IITM),"10,251",43%,57%,71,61%,39%,907,98%,2%
Vrije Universiteit Brussel (VUB),"14,010",51%,49%,"3,209",27%,73%,"1,925",63%,37%
American University of Beirut (AUB),"7,418",78%,22%,"1,724",78%,22%,907,72%,28%
University of Massachusetts Amherst,"26,550",85%,15%,"3,465",63%,37%,"1,844",73%,27%
University of Navarra,"12,081",72%,28%,"3,137",53%,47%,"1,454",88%,12%
University of Virginia,"23,690",70%,30%,"2,015",34%,66%,"2,865",95%,5%
Loughborough University,"17,267",81%,19%,"4,099",52%,48%,"1,416",68%,32%
Mahidol University,"26,602",78%,22%,"1,153",42%,58%,"3,954",96%,4%
Universiti Brunei Darussalam (UBD),"2,626",82%,18%,635,41%,59%,468,43%,57%
Sciences Po,"11,412",45%,55%,"4,754",45%,55%,"1,945",78%,22%
Novosibirsk State University,"7,283",71%,29%,"1,623",59%,41%,"1,228",95%,5%
Tel Aviv University,"24,661",62%,38%,"1,294",38%,62%,"1,049",84%,16%
Beijing Normal University,"23,688",48%,52%,"3,288",71%,29%,"2,098",95%,5%
The University of Arizona,"35,766",83%,17%,"3,474",58%,42%,"5,487",89%,11%
Indian Institute of Technology Kanpur (IITK),"7,476",49%,51%,21,0%,100%,564,99%,1%
Tomsk State University,"8,301",65%,35%,"2,886",58%,42%,"1,739",87%,13%
Deakin University,"36,570",76%,24%,"10,684",48%,52%,"1,819",57%,43%
Moscow Institute of Physics and Technology (MIPT / Moscow Phystech),"6,107",69%,31%,"1,255",68%,32%,"1,140",85%,15%
Rutgers University–New Brunswick,"44,731",77%,23%,"7,589",71%,29%,"5,009",88%,12%
Sun Yat-sen University,"61,193",55%,45%,"2,964",81%,19%,"6,781",98%,2%
Indian Institute of Technology Kharagpur (IIT-KGP),"11,889",47%,53%,27,41%,59%,770,97%,3%
Kyung Hee University,"23,315",83%,17%,"4,871",61%,39%,"3,511",91%,9%
University of Galway,"15,184",82%,18%,"2,147",60%,40%,"1,991",64%,36%
Saint Petersburg State University,"25,721",57%,43%,"4,863",49%,51%,"3,207",96%,4%
University of Porto,"30,379",70%,30%,"3,836",44%,56%,"2,062",95%,5%
Technical University of Darmstadt,"14,916",58%,42%,"4,084",52%,48%,804,75%,25%
Victoria University of Wellington,"18,006",79%,21%,"3,668",61%,39%,"1,138",53%,47%
L.N. Gumilyov Eurasian National University (ENU),"17,118",78%,22%,"1,085",86%,14%,"3,330",79%,21%
Maastricht University,"20,723",64%,36%,"11,607",67%,33%,"1,483",54%,46%
University of Leicester,"14,135",77%,23%,"4,544",57%,43%,"1,494",69%,31%
University of Antwerp,"16,779",51%,49%,"2,747",34%,66%,"1,812",67%,33%
Georgetown University,"16,801",41%,59%,"3,069",32%,68%,"1,775",93%,7%
Heriot-Watt University,"9,909",73%,27%,"3,593",49%,51%,801,49%,51%
Hong Kong Baptist University,"7,113",56%,44%,"4,790",24%,76%,"1,013",54%,46%
Graz University of Technology,"6,770",57%,43%,"1,564",53%,47%,"1,534",72%,28%
Taylor's University,"3,945",95%,5%,"1,634",91%,9%,570,82%,18%
UCSI University,"6,255",77%,23%,"2,745",58%,42%,950,68%,32%
University of Warsaw,"36,689",55%,45%,"2,825",43%,57%,"3,658",94%,6%
University of Canterbury | Te Whare W<U+0101>nanga o Waitaha,"13,541",87%,13%,"2,842",64%,36%,880,55%,45%
Belarusian State University,"22,237",87%,13%,"4,418",70%,30%,"4,002",98%,2%
Charles University,"49,449",37%,63%,"10,236",23%,77%,"4,971",88%,12%
Gwangju Institute of Science and Technology (GIST),"1,786",34%,66%,133,11%,89%,186,88%,12%
University of Turku,"12,669",53%,47%,604,7%,93%,"1,527",86%,14%
Massey University,"10,030",80%,20%,"4,836",66%,34%,"1,132",56%,44%
Jagiellonian University,"33,829",44%,56%,"3,048",35%,65%,"4,152",96%,4%
University of Tasmania,"11,491",75%,25%,"5,260",42%,58%,748,78%,22%
RUDN University,"25,735",51%,49%,"8,934",44%,56%,"4,246",94%,6%
Swinburne University of Technology,"12,654",81%,19%,"3,120",56%,44%,844,57%,43%
United Arab Emirates University,"7,121",89%,11%,"1,238",68%,32%,852,19%,81%
University of Miami,"16,722",66%,34%,"2,318",61%,39%,"2,961",60%,40%
University of Tartu,"10,552",52%,48%,"1,430",19%,81%,"1,650",82%,18%
Griffith University,"32,965",82%,18%,"5,929",59%,41%,"1,821",51%,49%
Universite Paris 1 Pantheon-Sorbonne,"37,028",57%,43%,"7,514",50%,50%,"1,718",84%,16%
Xi’an Jiaotong University,"48,323",43%,57%,"2,052",50%,50%,"3,961",95%,5%
University College Cork,"16,235",85%,15%,"3,002",61%,39%,"1,592",61%,39%
University of Macau,"10,749",70%,30%,"4,370",45%,55%,795,22%,78%
University of Surrey,"15,153",81%,19%,"4,949",68%,32%,"1,277",57%,43%
Huazhong University of Science and Technology,"58,065",52%,48%,"2,796",46%,54%,"3,672",95%,5%
Tianjin University,"27,660",52%,48%,"3,452",65%,35%,"3,178",90%,10%
Dalhousie University,"16,648",77%,23%,"4,782",73%,27%,"1,170",48%,52%
HSE University,"45,716",74%,26%,"5,112",65%,35%,"7,523",95%,5%
National Research Nuclear University MEPhI (Moscow Engineering Physics Institute),"4,993",28%,72%,"1,615",31%,69%,997,79%,21%
Universitat Innsbruck,"15,033",59%,41%,"7,220",59%,41%,"1,892",49%,51%
North Carolina State University,"31,124",76%,24%,"3,339",36%,64%,"1,960",76%,24%
Tufts University,"11,160",54%,46%,"1,787",45%,55%,"1,405",85%,15%
University of Tsukuba,"16,581",59%,41%,"2,358",18%,82%,"2,051",91%,9%
La Trobe University,"18,924",80%,20%,"9,456",59%,41%,995,61%,39%
University of Colorado Boulder,"32,480",87%,13%,"1,781",68%,32%,"4,039",84%,16%
University of Illinois at Chicago (UIC),"29,694",69%,31%,"3,115",44%,56%,"2,878",93%,7%
Universite Grenoble Alpes,"52,881",57%,43%,"9,146",38%,62%,"3,072",87%,13%
Linkoping University,"15,316",32%,68%,"2,612",31%,69%,"1,523",71%,29%
Universidad Carlos III de Madrid (UC3M),"19,103",79%,21%,"2,953",55%,45%,"2,244",78%,22%
Kazan (Volga region) Federal University,"22,498",63%,37%,"8,495",74%,26%,"3,940",93%,7%
Pontificia Universidad Catolica Argentina,"18,297",90%,10%,"1,199",78%,22%,"4,114",99%,1%
University of Milan,"53,150",53%,47%,"3,397",48%,52%,"2,606",94%,6%
Politecnico di Torino,"31,737",58%,42%,"5,806",58%,42%,"1,052",98%,2%
University of Strathclyde,"20,396",71%,29%,"4,946",46%,54%,"1,581",62%,38%
National Taiwan University of Science and Technology (Taiwan Tech),"9,038",55%,45%,"1,610",37%,63%,"1,023",87%,13%
Goethe-University Frankfurt am Main,"33,214",46%,54%,"4,822",48%,52%,"3,786",83%,17%
Simon Fraser University,"25,150",87%,13%,"8,051",81%,19%,"1,257",62%,38%
Aalborg University,"16,836",56%,44%,"2,565",24%,76%,"1,520",72%,28%
University of Waikato,"8,489",82%,18%,"3,134",67%,33%,595,54%,46%
National Taiwan Normal University,"10,764",66%,34%,"1,582",58%,42%,"1,384",91%,9%
Universidade Federal do Rio de Janeiro,"49,310",71%,29%,553,24%,76%,"4,038",94%,6%
National University of Sciences And Technology (NUST) Islamabad,"12,212",67%,33%,657,93%,7%,"1,690",98%,2%
University of Cologne,"31,091",61%,39%,"4,984",53%,47%,"2,650",84%,16%
University of Lisbon,"49,847",58%,42%,"9,132",34%,66%,"3,330",93%,7%
Ural Federal University - UrFU,"29,939",70%,30%,"5,089",63%,37%,"5,369",96%,4%
Hiroshima University,"15,103",70%,30%,"1,680",11%,89%,"2,313",89%,11%
Indiana University Bloomington,"43,693",78%,22%,"3,909",47%,53%,"3,905",81%,19%
Friedrich-Alexander-Universitat Erlangen-Nurnberg,"32,167",46%,54%,"4,787",29%,71%,"1,595",84%,16%
Universiti Teknologi Brunei,"1,024",94%,6%,75,87%,13%,178,54%,46%
University of East Anglia (UEA),"16,641",81%,19%,"3,574",66%,34%,"1,507",70%,30%
"Birkbeck, University of London","8,519",63%,37%,"3,445",65%,35%,582,57%,43%
Universitat Politecnica de Catalunya · BarcelonaTech (UPC),"23,289",76%,24%,"2,976",38%,62%,"2,473",92%,8%
MGIMO University,"7,186",74%,26%,"1,501",73%,27%,"1,728",91%,9%
Ewha Womans University,"17,013",78%,22%,"2,462",79%,21%,"2,405",94%,6%
IE University,"6,037",68%,32%,"4,741",65%,35%,687,63%,37%
University of Jyvaskyla,"10,666",54%,46%,330,5%,95%,"1,570",83%,17%
University of Southern Denmark (SDU),"18,561",59%,41%,"2,427",38%,62%,"1,792",69%,31%
Johannes Kepler University Linz,"6,068",61%,39%,787,53%,47%,934,68%,32%
University of Connecticut,"24,780",74%,26%,"3,372",54%,46%,"1,328",73%,27%
Norwegian University of Science And Technology,"37,723",42%,58%,"3,314",11%,89%,"3,248",71%,29%
Universitat Jena,"17,124",%,%,"2,307",%,%,"3,974",%,%
University of Dundee,"14,302",78%,22%,"3,629",61%,39%,953,49%,51%
Beijing Institute of Technology,0,47%,53%,"2,115",52%,48%,0,%,67%
Universitat Stuttgart,"15,138",53%,47%,"2,977",30%,70%,912,83%,17%
"University of Chemistry and Technology, Prague","4,061",49%,51%,938,45%,55%,862,85%,15%
ITMO University,"10,902",50%,50%,"2,005",41%,59%,"1,981",88%,12%
University of Victoria (UVic),"18,715",87%,13%,"3,686",75%,25%,851,64%,36%
Universiti Teknologi PETRONAS (UTP),"4,570",81%,19%,531,27%,73%,484,67%,33%
George Washington University,"20,290",51%,49%,"3,197",40%,60%,"1,877",83%,17%
Kobe University,"15,476",72%,28%,"1,184",14%,86%,"2,154",94%,6%
Pontificia Universidad Catolica del Peru,"25,652",79%,21%,245,18%,82%,"2,369",97%,3%
Quaid-i-Azam University,"9,565",63%,37%,234,91%,9%,519,97%,3%
University of South Australia,"19,189",83%,17%,"4,629",56%,44%,"1,538",51%,49%
Virginia Polytechnic Institute and State University,"34,860",84%,16%,"4,064",55%,45%,"2,759",74%,26%
Lincoln University,"2,118",63%,37%,676,33%,67%,222,44%,56%
Airlangga University,"28,701",70%,30%,850,58%,42%,"3,472",79%,21%
American University of Sharjah,"4,276",94%,6%,"3,199",94%,6%,371,1%,99%
Indian Institute of Technology Roorkee (IITR),"8,254",55%,45%,217,0%,100%,506,100%,0%
Umea University,"14,358",67%,33%,"1,214",49%,51%,"1,966",87%,13%
Universidade Nova de Lisboa,"20,996",48%,52%,"4,827",36%,64%,"1,795",88%,12%
University of Kansas,"23,459",74%,26%,"1,654",50%,50%,"3,349",71%,29%
Ulm University,"10,301",62%,38%,"1,356",46%,54%,"1,473",82%,18%
"University of California, Santa Cruz","18,881",90%,10%,"1,830",71%,29%,"1,126",76%,24%
University of Kent,"17,211",84%,16%,"4,553",71%,29%,"1,123",59%,41%
Czech Technical University in Prague,"15,295",67%,33%,"3,006",66%,34%,"2,670",88%,12%
Nankai University,"32,034",55%,45%,"1,191",69%,31%,"2,873",93%,7%
Sharif University of Technology,"9,451",51%,49%,53,40%,60%,489,94%,6%
University of Hawai<U+02BB>i at M<U+0101>noa,"14,936",77%,23%,"1,493",61%,39%,"1,586",78%,22%
Peter the Great St. Petersburg Polytechnic University,"16,222",72%,28%,"5,263",76%,24%,"2,337",90%,10%
Pontificia Universidad Javeriana,"28,762",80%,20%,447,60%,40%,"2,954",96%,4%
Indian Institute of Technology Guwahati (IITG),"7,001",47%,53%,42,0%,100%,410,98%,2%
Sultan Qaboos University,"7,436",84%,16%,278,46%,54%,864,45%,55%
Taipei Medical University (TMU),"5,788",48%,52%,623,24%,76%,949,90%,10%
University of Munster,"26,243",54%,46%,"1,334",39%,61%,"4,347",86%,14%
Lappeenranta-Lahti University of Technology LUT,"4,437",41%,59%,387,4%,96%,297,84%,16%
Northeastern University,"26,442",59%,41%,"9,822",27%,73%,"1,909",71%,29%
Pakistan Institute of Engineering and Applied Sciences (PIEAS),"1,371",65%,35%,2,0%,100%,167,%,%
Universidad de Palermo (UP),"4,947",90%,10%,"1,892",83%,17%,763,86%,14%
Chung-Ang University (CAU),"20,018",83%,17%,"3,299",68%,32%,"2,662",91%,9%
Tokyo Medical and Dental University (TMDU),"3,001",49%,51%,329,5%,95%,938,98%,2%
University of Oulu,"10,134",52%,48%,672,25%,75%,924,78%,22%
University of Utah,"27,572",74%,26%,"2,109",55%,45%,"3,382",89%,11%
Indian Institute of Technology Indore,"1,816",64%,36%,3,0%,100%,188,98%,2%
Shandong University,"43,644",59%,41%,"1,637",64%,36%,"3,406",93%,7%
National Research Tomsk Polytechnic University,"9,537",54%,46%,"2,744",54%,46%,"1,674",94%,6%
Tilburg University,"13,247",61%,39%,"2,756",60%,40%,792,60%,40%
Universitat Politecnica de Valencia,"23,606",74%,26%,"2,936",34%,66%,"2,049",97%,3%
Vilnius University,"19,703",79%,21%,"1,496",71%,29%,"2,795",93%,7%
"El Colegio de Mexico, A.C.",471,32%,68%,57,37%,63%,254,93%,7%
Royal Holloway University of London,"11,516",80%,20%,"3,571",70%,30%,815,61%,39%
University of Pisa,"33,349",63%,37%,"1,523",60%,40%,"1,814",95%,5%
Satbayev University,"10,533",87%,13%,434,95%,5%,"1,585",80%,20%
Sichuan University,"49,543",58%,42%,"2,714",75%,25%,"3,173",96%,4%
South China University of Technology,"40,049",62%,38%,"1,809",71%,29%,"3,164",93%,7%
Colorado State University,"24,060",86%,14%,"1,233",56%,44%,"3,121",88%,12%
Technion - Israel Institute of Technology,"14,124",70%,30%,638,19%,81%,"2,197",74%,26%
HUFS - Hankuk (Korea) University of Foreign Studies,"16,141",88%,12%,"2,933",81%,19%,"2,363",84%,16%
Julius-Maximilians-Universitat Wurzburg,"23,016",43%,57%,"1,922",32%,68%,"1,057",81%,19%
Brunel University London,"15,158",76%,24%,"6,290",65%,35%,938,52%,48%
University of Johannesburg,"19,333",85%,15%,"4,327",66%,34%,"1,964",61%,39%
University of the Philippines,"43,964",79%,21%,230,27%,73%,"4,739",99%,1%
Tampere University,"15,855",51%,49%,996,10%,90%,"1,404",84%,16%
Ruhr-Universitat Bochum,"42,262",69%,31%,"6,252",57%,43%,"1,276",86%,14%
"Stony Brook University, State University of New York","24,982",74%,26%,"5,706",65%,35%,"2,322",80%,20%
The American University in Cairo,"5,915",89%,11%,254,60%,40%,631,57%,43%
University of Naples - Federico II,"49,485",55%,45%,128,9%,91%,"2,299",98%,2%
Johannes Gutenberg Universitat Mainz,"30,753",51%,49%,"3,518",43%,57%,"3,533",83%,17%
Universitat Leipzig,"28,447",%,%,"3,174",%,%,"4,119",%,%
National Technical University of Athens,"13,624",76%,24%,907,91%,9%,662,100%,0%
Shanghai University,"35,968",55%,45%,"2,268",59%,41%,"4,285",81%,19%
Xiamen University,"38,121",51%,49%,"1,443",55%,45%,"3,106",96%,4%
Flinders University,"17,266",69%,31%,"6,105",53%,47%,935,57%,43%
Swansea University,"18,682",84%,16%,"3,922",72%,28%,"1,584",73%,27%
University at Buffalo SUNY,"29,441",72%,28%,"5,367",46%,54%,"1,546",71%,29%
National Sun Yat-sen University,"7,991",56%,44%,669,39%,61%,784,89%,11%
"University of Colorado, Denver","15,786",63%,37%,"1,274",69%,31%,"5,319",97%,3%
University of Science and Technology Beijing,"24,368",55%,45%,818,43%,57%,"1,605",97%,3%
University of Witwatersrand,"24,985",84%,16%,"1,889",52%,48%,"1,673",69%,31%
Universidad Austral,"4,928",75%,25%,384,67%,33%,687,98%,2%
Universite Laval,"24,675",72%,28%,"3,992",30%,70%,"2,302",74%,26%
Far Eastern Federal University,"13,931",59%,41%,"3,297",66%,34%,"2,467",91%,9%
Universite de Strasbourg,"52,972",57%,43%,"9,111",53%,47%,"2,544",83%,17%
National Taipei University of Technology,"7,919",58%,42%,"1,082",60%,40%,712,88%,12%
Universita Vita-Salute San Raffaele,"2,642",65%,35%,127,76%,24%,654,94%,6%
Oxford Brookes University,"14,975",81%,19%,"3,890",66%,34%,"1,022",74%,26%
University of Coimbra,"22,937",41%,59%,"3,608",33%,67%,"1,627",92%,8%
Wake Forest University,"8,296",65%,35%,785,63%,37%,"2,269",96%,4%
Universidade Federal de Sao Paulo,"14,415",63%,37%,139,41%,59%,"2,727",96%,4%
Universitat des Saarlandes,"16,241",%,%,"2,939",%,%,"2,823",%,%
Amirkabir University of Technology,"10,673",48%,52%,235,59%,41%,504,91%,9%
Auezov South Kazakhstan University (SKU),"18,760",88%,12%,"2,369",99%,1%,"2,993",91%,9%
Beihang University (former BUAA),0,52%,48%,"1,575",41%,59%,0,%,145%
Illinois Institute of Technology,"5,437",53%,47%,"1,783",24%,76%,387,88%,12%
SOAS University of London,"4,864",61%,39%,"2,184",48%,52%,373,44%,56%
Washington State University,"26,520",84%,16%,"1,569",50%,50%,"1,916",77%,23%
Bogor Agricultural University,"23,048",77%,23%,745,80%,20%,"3,246",78%,22%
Hasselt University,"5,683",61%,39%,788,20%,80%,799,74%,26%
Umm Al-Qura University,"30,207",90%,10%,"3,608",87%,13%,"3,627",50%,50%
Universidad de Montevideo (UM),"2,097",83%,17%,76,92%,8%,295,87%,13%
"University of California, Riverside","25,735",86%,14%,"1,994",40%,60%,"1,471",76%,24%
Stellenbosch University,"23,745",73%,27%,"3,022",38%,62%,949,88%,12%
University of Tromso The Arctic University of Norway,"15,746",65%,35%,"1,288",56%,44%,"2,107",73%,27%
York University,"43,324",89%,11%,"12,687",86%,14%,"1,531",78%,22%
Institut National des Sciences Appliquees de Lyon (INSA),"6,367",46%,54%,"1,795",37%,63%,632,86%,14%
Sogang University,"9,388",75%,25%,"1,586",74%,26%,"1,161",93%,7%
University of Trento,"13,900",53%,47%,794,27%,73%,"1,132",85%,15%
University of Florence,"37,287",59%,41%,"4,151",59%,41%,"1,803",93%,7%
James Cook University,"8,228",83%,17%,861,45%,55%,819,82%,18%
Rensselaer Polytechnic Institute,"7,427",84%,16%,"1,490",67%,33%,567,90%,10%
Southeast University,"37,706",44%,56%,"1,460",42%,58%,"3,417",93%,7%
Universidad de Belgrano,"5,126",95%,5%,800,99%,1%,810,95%,5%
"Essex, University of","16,133",81%,19%,"6,578",74%,26%,"1,082",52%,48%
Universidad de Santiago de Chile (USACH),"22,927",95%,5%,503,81%,19%,"1,334",95%,5%
The National University of Science and Technology MISIS,"7,250",58%,42%,"1,533",28%,72%,995,92%,8%
Universidad de La Habana,"13,471",86%,14%,597,39%,61%,"1,871",99%,1%
University of Alaska Fairbanks,"3,559",84%,16%,119,44%,56%,745,96%,4%
University of Iowa,"26,717",78%,22%,"1,488",52%,48%,"2,914",91%,9%
Dublin City University,"14,164",82%,18%,"1,530",48%,52%,"1,311",71%,29%
Tulane University,"12,074",67%,33%,"1,030",43%,57%,"1,838",92%,8%
University of Cyprus (UCY),"7,085",73%,27%,"1,026",66%,34%,340,63%,37%
University of Saskatchewan,"16,651",81%,19%,"3,476",54%,46%,"1,359",74%,26%
Chang Gung University,"6,890",75%,25%,348,49%,51%,916,97%,3%
University of Turin,"59,522",63%,37%,"3,605",68%,32%,"2,310",96%,4%
Imam Abdulrahman Bin Faisal University (IAU),"23,781",96%,4%,"2,625",95%,5%,"3,824",56%,44%
Koc University,"6,341",80%,20%,531,48%,52%,521,85%,15%
Martin-Luther-Universitat Halle-Wittenberg,"19,913",%,%,"1,682",%,%,"2,942",%,%
UNESP,"42,008",79%,21%,892,55%,45%,"2,699",96%,4%
Bond University,"3,069",54%,46%,"1,302",29%,71%,328,56%,44%
Dongguk University,"17,578",87%,13%,"2,235",61%,39%,"2,657",93%,7%
Iowa State University,"29,458",84%,16%,"2,421",37%,63%,"1,558",96%,4%
Kazakh National Agrarian University KazNAU,"8,192",88%,12%,994,87%,13%,"1,216",86%,14%
Universiti Utara Malaysia (UUM),"12,501",82%,18%,"3,401",47%,53%,"1,298",89%,11%
Auckland University of Technology (AUT),"18,545",78%,22%,"8,926",68%,32%,"1,133",46%,54%
University of Klagenfurt,"3,459",64%,36%,"1,055",52%,48%,415,60%,40%
Ajou University,"9,113",86%,14%,"1,001",71%,29%,"1,403",95%,5%
Universidad Politecnica de Madrid (UPM),"32,848",79%,21%,"4,734",69%,31%,"2,477",98%,2%
Aix-Marseille University,"67,724",62%,38%,"8,651",40%,60%,"4,069",89%,11%
Ben-Gurion University of The Negev,"15,630",64%,36%,"1,755",57%,43%,"1,060",75%,25%
Chiba University,"13,484",76%,24%,771,22%,78%,"1,783",94%,6%
Justus-Liebig-University Giessen,"24,945",36%,64%,"2,467",43%,57%,634,93%,7%
The Catholic University of Korea,"8,968",82%,18%,542,63%,37%,"1,719",99%,1%
Universidad ORT Uruguay,"4,285",83%,17%,66,53%,47%,614,89%,11%
University of Granada,"49,856",86%,14%,"5,611",73%,27%,"2,631",97%,3%
Brandeis University,"5,040",69%,31%,"1,225",57%,43%,600,89%,11%
Jilin University,"68,551",61%,39%,"1,570",64%,36%,"7,078",92%,8%
Central South University,"56,344",60%,40%,"2,202",36%,64%,"2,784",94%,6%
"University of Rome ""Tor Vergata""","21,522",67%,33%,"3,241",47%,53%,"1,496",94%,6%
Western Sydney University,"33,026",84%,16%,"7,217",62%,38%,"1,409",43%,57%
Bar-Ilan University,"16,809",49%,51%,547,71%,29%,987,80%,20%
Colorado School of Mines,"6,303",80%,20%,556,39%,61%,538,88%,12%
Kyungpook National University,"18,992",81%,19%,"2,079",76%,24%,"2,588",94%,6%
Middle East Technical University,"16,562",75%,25%,"1,692",66%,34%,"1,072",93%,7%
Missouri University of Science and Technology,"6,509",83%,17%,461,25%,75%,358,64%,36%
Swarthmore College,"1,435",%,%,216,%,%,233,99%,1%
University of Aveiro,"13,852",60%,40%,"1,515",36%,64%,861,97%,3%
University of St.Gallen (HSG),"8,913",55%,45%,"2,752",47%,53%,490,44%,56%
University of Stirling,"10,788",79%,21%,"3,000",65%,35%,705,73%,27%
University of Tehran,"45,295",35%,65%,749,20%,80%,"2,137",99%,1%
Universite de Montpellier,"41,320",57%,43%,"6,132",49%,51%,"2,509",88%,12%
Yokohama City University,"5,139",83%,17%,134,39%,61%,903,97%,3%
Abai Kazakh National Pedagogical University,"16,670",90%,10%,524,89%,11%,"2,006",83%,17%
Florida State University,"38,241",79%,21%,"1,584",28%,72%,"2,211",91%,9%
"Goldsmiths, University of London","8,780",68%,32%,"3,348",56%,44%,674,66%,34%
Universidad de Alcala,"17,446",80%,20%,"4,480",79%,21%,"2,274",88%,12%
University of Bayreuth,"7,729",56%,44%,"1,040",38%,62%,910,79%,21%
University of Canberra,"10,871",80%,20%,"2,480",51%,49%,410,72%,28%
"University of Missouri, Columbia","25,301",85%,15%,"1,017",28%,72%,"2,649",77%,23%
Universita Cattolica del Sacro Cuore,"25,771",72%,28%,"1,793",72%,28%,"3,930",96%,4%
Altai State University,"9,188",80%,20%,"2,533",70%,30%,"1,322",95%,5%
Beijing University of Chemical Technology,"34,327",74%,26%,336,56.3%,43.8%,0,%,18%
Christian-Albrechts-University zu Kiel,"26,205",%,%,"2,161",%,%,"2,889",%,%
Poznan University of Life Sciences,"7,157",%,%,83,%,%,"1,500",%,%
The New School,"10,399",72%,28%,"3,768",66%,34%,"1,364",97%,3%
University of Bordeaux,"54,356",59%,41%,"6,888",43%,57%,"3,142",86%,14%
University of Delhi,"27,471",34%,66%,407,19%,81%,"1,129",99%,1%
University of Texas Dallas,"27,265",74%,26%,"4,582",18%,82%,"1,109",91%,9%
Universite de Liege,"23,060",49%,51%,"4,654",30%,70%,"1,685",80%,20%
Warsaw University of Technology,"20,623",75%,25%,"1,819",61%,39%,"2,379",99%,1%
Hitotsubashi University,"5,995",71%,29%,767,26%,74%,553,88%,12%
Inha University,"14,982",86%,14%,"1,572",75%,25%,"2,013",94%,6%
Iran University of Science and Technology,"15,299",29%,71%,163,20%,80%,532,%,%
Sabanci University,"3,966",84%,16%,441,60%,40%,390,82%,18%
Saint Joseph University of Beirut (USJ),"7,714",67%,33%,920,54%,46%,886,65%,35%
"Universidad Central ""Marta Abreu"" de Las Villas","6,950",93%,7%,61,67%,33%,"1,676",100%,0%
University of Balamand,"3,876",67%,33%,508,66%,34%,601,91%,9%
University of Limerick,"14,589",81%,19%,"1,955",46%,54%,989,66%,34%
Canadian University Dubai,"1,051",85%,15%,767,96%,4%,102,3%,97%
"China University of Petroleum, Beijing","15,445",52.8%,47.2%,772,%,%,0,%,12%
East China Normal University,"28,546",52%,48%,"3,697",68%,32%,"2,336",89%,11%
Savitribai Phule Pune University,"4,427",%,%,135,%,%,686,100%,0%
Southern Federal University,"17,451",64%,36%,"2,697",74%,26%,"2,682",97%,3%
Universidad Nacional de La Plata (UNLP),"57,931",87%,13%,"6,976",42%,58%,"5,543",97%,3%
Universidad Panamericana (UP),"13,534",81%,19%,115,91%,9%,"1,984",92%,8%
University of Madras,"3,582",0%,100%,30,0%,100%,245,%,%
Universitat Konstanz,"11,419",53%,47%,"1,237",31%,69%,"1,039",74%,26%
Universitat Mannheim,"9,839",71%,29%,"1,917",50%,50%,307,85%,15%
V. N. Karazin Kharkiv National University,"17,184",63%,37%,"4,293",15%,85%,"2,110",100%,0%
Anna University,"13,053",75%,25%,188,91%,9%,707,%,%
Cairo University,"199,958",95%,5%,"10,572",79%,21%,"12,161",99%,1%
Concordia University,"36,177",78%,22%,"12,212",55%,45%,"1,371",69%,31%
Jeonbuk National University,"19,365",85%,15%,"1,385",50%,50%,"2,427",94%,6%
Masaryk University,"29,768",47%,53%,"7,316",40%,60%,"1,945",85%,15%
National Research Saratov State University,"9,336",77%,23%,"1,306",89%,11%,"1,718",97%,3%
Northwestern Polytechnical University,"32,862",52%,48%,"1,423",56%,44%,"3,644",92%,8%
Sejong University,"12,250",86%,14%,"1,728",51%,49%,922,87%,13%
Universidad de Zaragoza,"28,507",86%,14%,"1,993",72%,28%,"3,508",97%,3%
University of Eastern Finland,"11,913",52%,48%,669,4%,96%,"1,207",86%,14%
University of Szeged,"18,717",56%,44%,"3,941",38%,62%,"2,080",92%,8%
Almaty Technological University,"7,022",95%,5%,400,93%,7%,"1,120",89%,11%
Applied Science University - Bahrain,"1,860",88%,12%,334,87%,13%,178,21%,79%
Aston University,"13,877",85%,15%,"3,275",67%,33%,957,60%,40%
Bilkent University,"9,650",86%,14%,721,69%,31%,710,75%,25%
Boston College,"14,945",72%,28%,"1,735",54%,46%,"1,078",92%,8%
Dalian University of Technology,"37,163",54%,46%,"1,028",45%,55%,"2,823",92%,8%
Murdoch University,"11,098",83%,17%,"3,106",42%,58%,564,67%,33%
Niigata University,"12,248",83%,17%,457,27%,73%,"1,970",97%,3%
Singapore Management University,"8,745",83%,17%,"2,008",45%,55%,605,43%,57%
"Sofia University ""St. Kliment Ohridski""","19,562",64%,36%,"1,564",46%,54%,"2,488",98%,2%
Universidad de Sevilla,"50,041",85%,15%,"4,091",56%,44%,"3,732",97%,3%
University of Electronic Science and Technology of China,"33,428",59%,41%,960,36%,64%,"2,032",97%,3%
University of Ulsan,"12,415",90%,10%,553,52%,48%,"1,584",98%,2%
Universita degli Studi di Pavia,"19,171",53%,47%,"1,819",37%,63%,"1,123",95%,5%
Hallym University,"7,759",94%,6%,267,81%,19%,"1,336",97%,3%
Holy Spirit University of Kaslik,"5,182",77%,23%,889,75%,25%,635,55%,45%
Nagasaki University,"8,809",84%,16%,434,35%,65%,"1,300",95%,5%
Universitat de Valencia,"48,010",78%,22%,"5,558",61%,39%,"3,180",98%,2%
Universite de Fribourg,"10,944",53%,47%,"2,200",34%,66%,589,50%,50%
Universite du Quebec,"73,206",76%,24%,"6,970",56%,44%,"1,769",82%,18%
Indian Institute of Technology Hyderabad,"3,178",43%,57%,28,54%,46%,252,100%,0%
Macau University of Science and Technology,"10,550",70%,30%,"8,869",68%,32%,486,20%,80%
National Central University,"11,173",54%,46%,913,33%,67%,984,91%,9%
Shenzhen University,"39,927",72%,28%,330,53%,47%,"5,223",93%,7%
University of Delaware,"21,747",83%,17%,"2,337",49%,51%,"1,272",83%,17%
University of Massachusetts Boston,"12,751",84%,16%,"1,173",72%,28%,820,97%,3%
Universitat Regensburg,"20,539",%,%,"1,705",%,%,"3,252",%,%
Universite Paul Sabatier Toulouse III,"31,388",60%,40%,"4,049",59%,41%,"3,029",96%,4%
China Agricultural University,"20,514",58%,42%,245,10%,90%,"1,669",97%,3%
Hunan University,"38,180",55%,45%,687,22%,78%,"2,972",96%,4%
Lehigh University,"6,518",79%,21%,"1,098",52%,48%,593,74%,26%
Politecnico di Bari,"10,229",98%,2%,78,7%,93%,251,96%,4%
Sungshin Women's University,"9,447",92%,8%,394,84%,16%,"1,550",98%,2%
University of Crete,"14,119",82%,18%,597,86%,14%,433,99%,1%
University of Guelph,"20,992",88%,12%,"2,144",70%,30%,"1,077",81%,19%
University of Jordan,"35,256",93%,7%,"5,237",85%,15%,"2,798",90%,10%
University of Minho,"19,843",52%,48%,"2,914",17%,83%,"1,934",89%,11%
University of Pretoria,"36,492",81%,19%,"2,392",53%,47%,"1,707",87%,13%
Abo Akademi University,"5,620",52%,48%,427,10%,90%,502,80%,20%
Al Ain University,"2,900",80%,20%,"1,603",72%,28%,198,0%,100%
Bangor University,"8,206",78%,22%,"1,858",64%,36%,729,78%,22%
Carleton University,"26,192",%,%,"5,371",78%,22%,939,84%,16%
Chiang Mai University,"34,794",84%,16%,"1,453",46%,54%,"2,651",97%,3%
East China University of Science and Technology,"28,975",58%,42%,509,56%,44%,"2,106",98%,2%
Edith Cowan University,"14,233",80%,20%,"4,815",49%,51%,878,75%,25%
Gifu University,"7,273",78%,22%,267,21%,79%,"1,003",97%,3%
Immanuel Kant Baltic Federal University,"8,134",63%,37%,"1,224",46%,54%,"1,124",90%,10%
Ivane Javakhishvili Tbilisi State University,"22,475",76%,24%,663,20%,80%,"3,082",98%,2%
Istanbul Technical University,"24,087",69%,31%,"2,842",58%,42%,"1,728",97%,3%
Jawaharlal Nehru University,"8,840",16%,84%,152,18%,82%,622,%,%
Kanazawa University,"9,893",77%,23%,634,12%,88%,"1,255",92%,8%
"Kingston University, London","15,893",76%,24%,"6,635",61%,39%,884,72%,28%
Lahore University of Management Sciences (LUMS),"4,636",86%,14%,83,89%,11%,477,94%,6%
Lebanese American University,"7,898",89%,11%,"1,352",95%,5%,830,70%,30%
Lebanese University,"47,334",82%,18%,"7,754",57%,43%,"3,206",81%,19%
Leibniz University Hannover,"22,915",63%,37%,"3,665",42%,58%,"2,540",85%,15%
"Lingnan University, Hong Kong","3,565",77%,23%,"1,155",36%,64%,272,37%,63%
Management and Science University,"7,002",84%,16%,"2,734",84%,16%,501,73%,27%
Nanjing University of Science and Technology,0,63%,37%,935,89%,11%,0,%,96%
National Chengchi University,"10,811",74%,26%,"1,866",62%,38%,877,87%,13%
National and Kapodistrian University of Athens,"64,946",65%,35%,"6,911",90%,10%,"1,957",94%,6%
Okayama University,"13,103",77%,23%,772,25%,75%,"1,673",95%,5%
Oregon State University,"24,835",83%,17%,"2,441",55%,45%,"2,092",91%,9%
Osaka City University,"8,226",80%,20%,332,28%,72%,"1,082",96%,4%
Pontificia Universidade Catolica do Rio de Janeiro,"9,978",85%,15%,77,45%,55%,530,88%,12%
Pusan National University,"22,670",79%,21%,"1,857",64%,36%,"2,524",94%,6%
Renmin (People's) University of China,"27,756",43%,57%,786,100%,0%,"2,150",95%,5%
Samara National Research University (Samara University),"8,505",69%,31%,"1,089",76%,24%,"1,246",97%,3%
Saint Louis University,"11,074",63%,37%,666,45%,55%,"1,486",93%,7%
Sunway University,"4,333",96%,4%,601,91%,9%,574,83%,17%
Technische Universitat Braunschweig,"19,871",%,%,"2,941",%,%,"2,398",%,%
The University of Georgia,"36,322",78%,22%,"1,647",21%,79%,"2,387",95%,5%
Ulster University,"22,848",75%,25%,"22,848",75%,25%,"1,186",52%,48%
Universidad Anahuac Mexico,"16,220",95%,5%,560,93%,8%,"1,877",95%,5%
Universidad Pontificia Bolivariana,"7,030",80%,20%,134,74%,26%,"1,116",97%,3%
Universidad Pontificia Comillas,"9,047",85%,15%,480,70%,30%,926,89%,11%
Universidad de Concepcion,"26,203",92%,8%,539,41%,59%,"1,605",92%,8%
Universite Paris-Pantheon-Assas,"15,921",%,%,"2,269",%,%,"1,921",%,%
University of Ljubljana,"37,615",58%,42%,"3,094",46%,54%,"3,943",97%,3%
University of Milano-Bicocca,"28,559",75%,25%,"1,162",83%,17%,"1,146",96%,4%
University of Salamanca,"23,436",77%,23%,"4,197",23%,77%,"2,159",95%,5%
University of Sharjah,"13,843",88%,12%,"7,309",93%,7%,754,7%,93%
University of South Florida,"40,379",79%,21%,"5,002",64%,36%,"2,240",80%,20%
Universitat Bremen,"17,903",72%,28%,"2,267",46%,54%,"1,413",81%,19%
Universitat Potsdam,"14,060",65%,35%,"1,887",30%,70%,"1,230",79%,21%
Universitat Rostock,"13,647",%,%,"1,464",%,%,"2,484",%,%
Universite Claude Bernard Lyon 1,"37,094",59%,41%,"3,773",46%,54%,"2,225",94%,6%
Wayne State University,"21,139",69%,31%,"1,058",24%,76%,"2,530",92%,8%
Wesleyan University,"2,992",95%,5%,369,88%,12%,400,92%,8%
Aberystwyth University,"6,317",87%,13%,"1,384",85%,15%,514,78%,22%
Abu Dhabi University,"2,765",71%,29%,"1,233",91%,9%,261,2%,98%
Ahlia University,"1,095",76%,24%,158,70%,30%,103,51%,49%
Ajman University,"5,041",94%,6%,"4,041",96%,4%,335,3%,97%
Alfaisal University,"3,625",85%,15%,"1,211",96%,4%,329,23%,77%
American University in Dubai,"1,572",88%,12%,"1,275",87%,13%,116,1%,99%
Aristotle University of Thessaloniki,"49,715",78%,22%,"2,345",78%,22%,"2,755",99%,1%
Ateneo de Manila University,"12,377",70%,30%,349,67%,33%,"1,061",98%,2%
Central Queensland University (CQUniversity Australia),"9,725",58%,42%,"3,884",12%,88%,753,61%,39%
China University of Geosciences,"26,798",68%,32%,867,17%,83%,"3,191",99%,1%
Chongqing University,"42,603",61%,39%,818,46%,54%,"3,172",93%,7%
Comenius University in Bratislava,"21,124",46%,54%,"3,175",27%,73%,"2,659",98%,2%
Coventry University,"32,967",84%,16%,"15,574",77%,23%,"2,355",71%,29%
Drexel University,"20,817",67%,33%,"2,678",65%,35%,"1,619",84%,16%
Gunma University,"6,252",81%,19%,256,39%,61%,"1,066",96%,4%
IIT BHU Varanasi,"7,387",76%,24%,15,20%,80%,317,100%,0%
International Islamic University Malaysia (IIUM),"26,266",79%,21%,"6,159",51%,49%,"1,904",87%,13%
Karaganda State Technical University,"5,324",88%,12%,473,90%,10%,"1,093",98%,2%
Karl-Franzens-Universitaet Graz,"19,827",74%,26%,"2,997",61%,39%,"1,371",80%,20%
Konkuk University,"22,150",86%,14%,"2,065",77%,23%,"2,581",95%,5%
Kumamoto University,"9,713",79%,21%,386,24%,76%,"1,193",95%,5%
National Chung Hsing University,"12,771",63%,37%,957,53%,47%,"1,129",94%,6%
"National Technical University ""Kharkiv Polytechnic Institute""","11,413",79%,21%,"1,500",91%,9%,"1,448",99%,1%
New Jersey Institute of Technology (NJIT),"9,011",81%,19%,"2,524",50%,50%,661,67%,33%
Northumbria University at Newcastle,"25,443",78%,22%,"6,445",52%,48%,"1,659",75%,25%
O.P. Jindal Global University,"6,650",75%,25%,36,78%,22%,832,88%,12%
Palacky University Olomouc,"19,474",54%,46%,"2,316",32%,68%,"1,828",84%,16%
Plekhanov Russian University of Economics,"13,642",76%,24%,"1,800",75%,25%,"1,594",92%,8%
Prince Mohammad Bin Fahd university,"2,674",97%,3%,342,98%,2%,227,10%,90%
Asfendiyarov Kazakh National Medical University,"11,534",85%,15%,"2,424",95%,5%,"1,438",93%,7%
Sechenov University,"16,365",80%,20%,"4,083",93%,7%,"2,009",93%,7%
Soochow University,"48,549",70%,30%,"1,403",83%,17%,"3,618",95%,5%
Taras Shevchenko National University of Kyiv,"24,828",77%,23%,"1,356",47%,53%,"2,414",99%,1%
Thammasat University,"30,995",93%,7%,419,54%,46%,"2,659",92%,8%
Universidad Externado de Colombia,"12,406",43%,57%,151,65%,35%,"1,224",94%,6%
Universidad ICESI,"6,033",89%,11%,137,94%,6%,832,96%,4%
Universidad Peruana Cayetano Heredia (UPCH),"6,027",75%,25%,189,6%,94%,"1,279",100%,0%
Universidad de Antioquia,"38,508",92%,8%,234,82%,18%,"1,762",97%,3%
Universitat Ramon Llull,"17,224",%,%,"2,880",%,%,945,61%,39%
Universiti Teknologi MARA - UiTM,"58,540",88%,12%,726,9%,91%,"4,401",99%,1%
University of Debrecen,"24,478",59%,41%,"6,846",48%,52%,"2,038",95%,5%
University of Genoa,"22,576",77%,23%,"2,052",64%,36%,"1,428",96%,4%
University of Huddersfield,"14,662",81%,19%,"3,753",67%,33%,768,67%,33%
University of Hull,"12,656",86%,14%,"2,581",80%,20%,923,77%,23%
University of Manitoba,"31,309",89%,11%,"4,920",77%,23%,"3,137",%,%
University of Nebraska - Lincoln,"23,525",85%,15%,"2,040",69%,31%,"1,843",87%,13%
University of Plymouth,"16,180",88%,12%,"2,634",83%,17%,"1,072",80%,20%
University of Southern Queensland,"12,111",78%,22%,"2,164",55%,45%,553,72%,28%
American University,"11,660",63%,37%,"1,305",49%,51%,"1,091",98%,2%
American University of the Middle East,"5,143",100%,0%,697,100%,0%,396,1%,99%
Bogazici Universitesi,"13,772",70%,30%,387,48%,52%,617,92%,8%
Brno University of Technology,"18,327",66%,34%,"4,562",68%,32%,"1,454",92%,8%
Charles Darwin University,"7,857",78%,22%,"2,449",53%,47%,347,78%,22%
City University of New York,"123,893",91%,9%,"6,462",86%,14%,"7,782",95%,5%
Eotvos Lorand University,"26,914",58%,42%,"2,814",47%,53%,"1,919",96%,4%
Free University of Bozen-Bolzano,"4,194",50%,50%,621,49%,51%,279,72%,28%
Institut Teknologi Sepuluh Nopember (ITS Surabaya),"18,415",83%,17%,517,63%,37%,"2,209",77%,23%
Jadavpur University,"12,241",64%,36%,33,94%,6%,709,%,%
Jinan University (China),"39,846",71%,29%,"11,950",89%,11%,"2,413",80%,20%
Jouf University,"20,580",97%,3%,626,100%,0%,"2,158",26%,74%
Kagoshima University,"10,326",85%,15%,343,52%,48%,"1,331",97%,3%
Khoja Akhmet Yassawi International Kazakh-Turkish University,"10,353",94%,6%,"1,319",99%,1%,"1,101",96%,4%
King Khalid University,"38,669",93%,7%,"1,312",87%,13%,"3,657",33%,67%
"National Technical University of Ukraine ""Igor Sikorsky Kyiv Polytechnic Institute""","21,772",80%,20%,593,82%,18%,"2,523",100%,0%
Pavol Jozef <U+0160>afarik University in Ko<U+0161>ice,"6,866",38%,62%,"1,596",15%,85%,810,99%,1%
Princess Nourah bint Abdulrahman University,"22,971",83%,17%,"4,330",93%,7%,"1,957",67%,33%
Ritsumeikan University,"35,119",90%,10%,"3,086",62%,38%,"2,123",86%,14%
Southern Cross University,"9,529",80%,20%,"3,034",44%,56%,393,72%,28%
Stevens Institute of Technology,"6,175",61%,39%,"1,916",5%,95%,314,82%,18%
Tallinn University of Technology (TalTech),"8,739",62%,38%,"1,500",38%,62%,838,84%,16%
Tokushima University,"7,482",80%,20%,207,21%,79%,955,98%,2%
Tokyo Metropolitan University,"9,116",75%,25%,612,25%,75%,808,95%,5%
Tokyo University of Agriculture and Technology,"5,693",67%,33%,336,21%,79%,399,96%,4%
Universidad Catolica del Uruguay (UCU),"4,029",84%,16%,112,70%,30%,608,92%,8%
Universidad Iberoamericana IBERO,"12,884",88%,12%,325,51%,49%,"1,202",95%,5%
Universidad San Francisco de Quito (USFQ),"7,382",95%,5%,143,94%,6%,730,76%,24%
Universidad de La Sabana,"11,694",83%,17%,263,83%,17%,923,94%,6%
Universidade Federal de Minas Gerais,"49,052",69%,31%,926,50%,50%,"3,238",94%,6%
Universiti Tenaga Nasional (UNITEN),"4,172",80%,20%,764,49%,51%,465,94%,6%
University of Bradford,"8,988",83%,17%,"2,710",67%,33%,501,78%,22%
University of Cincinnati,"32,517",78%,22%,"2,321",47%,53%,"2,713",95%,5%
University of Haifa,"17,353",45%,55%,749,19%,81%,927,91%,9%
University of Kentucky,"27,329",76%,24%,"1,196",41%,59%,"2,207",90%,10%
University of Mons,"7,715",65%,35%,"1,344",48%,52%,316,85%,15%
University of New Brunswick,"8,307",83%,17%,"1,192",61%,39%,709,75%,25%
University of New Mexico,"17,346",77%,23%,755,48%,52%,"2,073",93%,7%
University of Oklahoma,"23,692",82%,18%,"1,268",49%,51%,"1,758",87%,13%
University of Oregon,"20,387",83%,17%,"1,199",63%,37%,"1,391",94%,6%
University of Pecs,"16,833",53%,47%,"3,945",30%,70%,"1,633",93%,7%
University of Portsmouth,"24,361",84%,16%,"7,148",70%,30%,"1,418",72%,28%
University of South Carolina,"32,884",80%,20%,"1,444",40%,60%,"2,146",95%,5%
University of Trieste,"16,314",58%,42%,"1,287",57%,43%,736,95%,5%
University of Vermont,"12,118",85%,15%,425,69%,31%,"1,173",96%,4%
University of Westminster,"17,571",83%,17%,"8,505",77%,23%,919,71%,29%
University of the Basque Country,"36,627",83%,17%,"1,533",36%,64%,"3,488",98%,2%
Victoria University,"16,178",83%,17%,"4,037",59%,41%,507,81%,19%
Vilnius Gediminas Technical University (VILNIUS TECH),"6,750",71%,29%,"1,007",62%,38%,737,92%,8%
Virginia Commonwealth University,"25,271",78%,22%,846,52%,48%,"2,702",92%,8%
Zayed University,"7,748",97%,3%,139,93%,7%,645,11%,89%
Beijing University of Technology,"24,870",56%,44%,785,57%,43%,"2,544",96%,4%
Belarusian National Technical University (BNTU),"17,432",97%,3%,"1,727",95%,5%,"2,111",99%,1%
CY Cergy Paris University,"8,757",10%,90%,"1,743",6%,94%,874,81%,19%
Chonnam National University,"20,697",81%,19%,"1,977",63%,37%,"2,120",94%,6%
Chungnam National University,"18,012",87%,13%,"1,704",77%,23%,"2,205",95%,5%
Clark University,"3,196",71%,29%,723,24%,76%,297,91%,9%
Dankook University,"23,239",89%,11%,"1,379",60%,40%,"3,066",96%,4%
Florida International University,"34,409",81%,19%,"3,308",75%,25%,"2,293",89%,11%
Howard University,"10,294",74%,26%,496,62%,38%,"1,125",100%,0%
Instituto Politecnico Nacional (IPN),"141,583",95%,5%,509,52%,48%,"8,537",98%,2%
Instituto Tecnologico Autonomo de Mexico (ITAM),"5,275",94%,6%,66,79%,21%,319,73%,27%
Instituto Tecnologico de Buenos Aires (ITBA),"3,527",81%,19%,362,87%,13%,209,79%,21%
Keele University,"9,611",87%,13%,"1,475",81%,19%,729,78%,22%
Lanzhou University,"32,812",60%,40%,391,21%,79%,"2,944",98%,2%
Lobachevsky University,"16,387",77%,23%,"2,076",76%,24%,"1,804",98%,2%
"Manipal Academy of Higher Education, Manipal, Karnataka, India","23,600",78%,22%,"1,579",69%,31%,"2,656",99%,1%
Memorial University of Newfoundland,"16,317",80%,20%,"3,808",59%,41%,"1,078",86%,14%
Michigan Technological University,"6,319",85%,15%,536,10%,90%,564,90%,10%
Middlesex University,"16,438",82%,18%,"7,895",81%,19%,940,67%,33%
Osaka Prefecture University,"7,727",76%,24%,299,37%,63%,875,96%,4%
Paris Lodron University of Salzburg,"7,183",47%,53%,"2,330",61%,39%,"1,056",63%,37%
Philipps-Universitat Marburg,"23,120",81%,19%,"3,193",69%,31%,"1,105",90%,10%
Pontificia Universidad Catolica de Valparaiso,"17,469",95%,5%,221,47%,53%,874,92%,8%
Riga Technical University,"10,689",72%,28%,"2,369",54%,46%,882,91%,9%
Saint Petersburg Electrotechnical University ETU-LETI,"8,486",73%,27%,"1,756",71%,29%,967,96%,4%
Shiraz University,"14,405",57%,43%,175,15%,85%,735,100%,0%
Syracuse University,"19,621",73%,27%,"3,573",54%,46%,"1,392",96%,4%
Temple University,"32,672",75%,25%,"1,863",48%,52%,"2,781",97%,3%
Universidad Adolfo Ibanez,"10,542",86%,14%,491,70%,30%,527,83%,17%
Universidad Autonoma Chapingo,"6,228",89%,11%,47,2%,98%,"1,092",98%,2%
Universidad Catolica Andres Bello,"11,987",90%,10%,284,20%,80%,621,99%,1%
Universidad de San Andres - UdeSA,"2,068",75%,25%,100,60%,40%,231,94%,6%
Universidad de la Republica (Udelar),"76,215",94%,6%,"2,166",81%,19%,"6,407",95%,5%
Universidad del Rosario,"10,692",93%,7%,119,87%,13%,834,92%,8%
Universidade Federal do Rio Grande Do Sul,"40,502",69%,31%,560,23%,77%,"3,196",98%,2%
Universidade de Santiago de Compostela,"24,485",81%,19%,"1,984",37%,63%,"1,678",99%,1%
Universitas Padjadjaran (UNPAD),"31,751",78%,22%,329,71%,29%,"3,347",88%,12%
Universitat Rovira i Virgili,"13,695",80%,20%,"1,829",47%,53%,"1,027",95%,5%
University Duesseldorf,"34,913",%,%,"3,888",%,%,"3,854",%,%
University of Denver,"8,100",61%,39%,450,61%,39%,"1,030",98%,2%
University of Houston,"38,027",84%,16%,"2,880",46%,54%,"1,703",96%,4%
University of Hyderabad,"5,327",0%,100%,103,0%,100%,405,99%,1%
University of Siena,"12,150",54%,46%,"1,380",40%,60%,687,99%,1%
University of Windsor,"13,248",83%,17%,"2,429",82%,18%,324,%,%
Universite Cote d'Azur,"31,962",59%,41%,"5,888",49%,51%,"1,592",84%,16%
Universite de Lille,"66,590",%,%,"7,963",%,%,"3,098",90%,10%
Universite de Sherbrooke,"14,373",79%,21%,"1,115",37%,63%,"1,168",77%,23%
Universite de Sousse,"24,999",69%,31%,548,30%,70%,"3,297",100%,0%
AGH University of Science and Technology,"20,811",78%,22%,483,54%,46%,"2,193",99%,1%
Karaganda Buketov University,"13,811",93%,7%,547,95%,5%,"1,245",91%,9%
"Adam Mickiewicz University, Pozna<U+0144>","30,152",61%,39%,"1,436",64%,36%,"2,823",95%,5%
"Ain Shams University in Cairo (ASU, Cairo)","155,929",86%,14%,"9,128",79%,21%,"10,912",87%,13%
Australian Catholic University,"23,728",90%,10%,"4,790",85%,15%,"1,127",72%,28%
Bangladesh University of Engineering and Technology,"5,021",86%,14%,5,100%,0%,462,100%,0%
Beijing Foreign Studies University,"10,190",67%,33%,"1,559",82%,18%,923,88%,12%
Beijing Jiaotong University,"27,932",54%,46%,"2,504",78%,22%,"2,111",96%,4%
Beijing University of Chinese Medicine,"11,644",%,%,944,%,%,0,%,%
Beijing University of Posts and Telecommunications,0,63%,37%,366,%,%,0,%,60%
Beirut Arab University,"5,857",77%,23%,"1,097",81%,19%,561,73%,27%
Bournemouth University,"15,283",84%,16%,"3,206",53%,47%,778,71%,29%
Budapest University of Technology and Economics,"18,140",68%,32%,"2,176",46%,54%,"1,357",98%,2%
Ca' Foscari University of Venice,"15,318",70%,30%,"1,056",48%,52%,778,85%,15%
Catania University,"25,909",60%,40%,230,42%,58%,"1,183",99%,1%
Chandigarh University,"27,145",85%,15%,"2,741",92%,8%,"2,418",79%,21%
Chang Jung Christian University,"7,623",95%,5%,391,92%,8%,794,95%,5%
Charles Sturt University,"9,245",70%,30%,"3,218",17%,83%,"1,060",85%,15%
China University of Mining and Technology,0,74%,26%,720,85%,15%,0,%,35%
Clarkson University,"4,030",73%,27%,308,25%,75%,295,80%,20%
Clemson University,"24,089",84%,16%,"1,196",9%,91%,"1,619",99%,1%
College of William and Mary,"8,709",70%,30%,583,55%,45%,789,95%,5%
Cracow University of Technology (Politechnika Krakowska),"12,894",83%,17%,256,82%,18%,"1,044",99%,1%
Czech University of Life Sciences in Prague,"15,889",69%,31%,"3,322",61%,39%,943,86%,14%
De La Salle University,"12,070",73%,27%,356,65%,35%,788,99%,1%
De Montfort University,"24,044",86%,14%,"8,768",79%,21%,"1,256",72%,28%
Diponegoro University,"35,688",71%,29%,884,47%,53%,"3,650",89%,11%
Donghua University,"23,025",63%,37%,869,59%,41%,"2,074",98%,2%
Duy Tan University,"25,308",99%,1%,88,93%,7%,"1,069",83%,17%
Edinburgh Napier University,"13,635",77%,23%,"4,378",50%,50%,608,76%,24%
Gda<U+0144>sk University of Technology,"11,429",80%,20%,587,73%,27%,"1,132",98%,2%
Georgia State University,"30,384",80%,20%,"1,766",40%,60%,"1,416",94%,6%
German Jordanian University,"3,601",90%,10%,408,83%,17%,370,84%,16%
Gulf University for Science and Technology,"2,415",94%,6%,332,94%,6%,184,17%,83%
Hacettepe University,"48,538",78%,22%,"1,291",65%,35%,"2,929",98%,2%
Harbin Engineering University,"28,545",58%,42%,783,32%,68%,"1,509",98%,2%
"ITESO, Universidad Jesuita de Guadalajara","11,100",92%,8%,114,64%,36%,"2,482",98%,2%
Indian Institute of Technology Bhubaneswar,"2,498",63%,37%,3,0%,100%,173,99%,1%
Indiana University–Purdue University Indianapolis,"21,619",77%,23%,"1,113",44%,56%,"1,433",85%,15%
Instituto Tecnologico de Santo Domingo (INTEC),"5,194",85%,15%,184,%,%,559,%,%
International Christian University,"3,105",94%,6%,319,74%,26%,231,71%,29%
Islamic University of Madinah,"13,924",80%,20%,"12,270",82%,18%,972,86%,14%
Istanbul University,"63,955",76%,24%,"7,712",68%,32%,"2,418",94%,6%
Jamia Millia Islamia,"8,734",69%,31%,193,38%,62%,860,97%,3%
Jordan University of Science & Technology,"18,613",93%,7%,"2,265",97%,3%,"1,036",96%,4%
Kansas State University,"17,599",86%,14%,"1,164",40%,60%,"1,173",79%,21%
Kasetsart University,"68,618",88%,12%,370,27%,73%,"3,730",95%,5%
Kaunas University of Technology,"7,521",68%,32%,706,56%,44%,695,98%,2%
Kazakh-British Technical University,"3,876",82%,18%,100,59%,41%,332,95%,5%
Khon Kaen University,"31,540",88%,12%,802,49%,51%,"1,916",94%,6%
King Faisal University,"29,759",94%,6%,592,95%,5%,"2,015",54%,46%
King Mongkut's University of Technology Thonburi,"14,062",85%,15%,359,25%,75%,990,94%,6%
Kyrgyz-Turkish Manas University,"4,669",91%,9%,700,77%,23%,339,65%,35%
Liverpool John Moores University,"23,269",86%,14%,"3,684",79%,21%,"1,416",80%,20%
Lodz University of Technology,"11,508",77%,23%,473,65%,35%,"1,161",98%,2%
London Metropolitan University,"10,667",87%,13%,"5,554",89%,11%,443,77%,23%
London South Bank University,"14,657",82%,18%,"5,467",79%,21%,863,74%,26%
Louisiana State University,"31,292",84%,16%,"1,448",32%,68%,"1,916",93%,7%
Loyola University Chicago,"15,572",71%,29%,617,65%,35%,"1,285",96%,4%
Lviv Polytechnic National University,"21,062",83%,17%,283,75%,25%,"2,289",99%,1%
Manchester Metropolitan University,"31,503",84%,16%,"5,863",79%,21%,"1,895",82%,18%
Maynooth University,"11,766",84%,16%,"1,335",74%,26%,704,66%,34%
Mendel University in Brno,"8,187",71%,29%,"1,452",58%,42%,"1,209",94%,6%
NJSC KIMEP University,"1,683",92%,8%,186,85%,15%,129,70%,30%
Nanjing Agricultural University,"25,076",%,%,275,%,%,0,%,%
Nanjing University of Aeronautics and Astronautics,"30,178",64%,36%,"1,076",69%,31%,"2,129",95%,5%
National Chung Cheng University,"8,620",68%,32%,420,54%,46%,699,98%,2%
"National Institute of Technology, Tiruchirappalli","5,515",71%,29%,126,96%,4%,408,%,%
Nicolaus Copernicus University,"20,096",48%,52%,789,31%,69%,"2,134",98%,2%
Northern Borders University,"13,924",100%,0%,769,100%,0%,"1,161",56%,44%
Northwest Agriculture and Forestry University,"30,178",70%,30%,293,5%,95%,"2,825",98%,2%
Northwest University (China),"22,662",58%,42%,702,61%,39%,"2,592",97%,3%
Notre Dame University-Louaize NDU,"4,195",96%,4%,566,96%,4%,395,74%,26%
Nottingham Trent University,"34,265",88%,12%,"7,015",73%,27%,"2,108",77%,23%
Novosibirsk State Technical University,"11,333",82%,18%,"2,126",86%,14%,"1,203",98%,2%
Oklahoma State University,"21,562",86%,14%,"1,395",47%,53%,"1,376",78%,22%
Perm State National Research University,"8,695",70%,30%,527,65%,35%,895,99%,1%
Pondicherry University,"6,720",25%,75%,48,0%,100%,313,98%,2%
Pontificia Universidad Catolica del Ecuador (PUCE),"25,209",83%,17%,299,89%,11%,"1,559",88%,12%
Pontificia Universidade Catolica de Sao Paulo,"7,035",64%,36%,44,50%,50%,733,96%,4%
Poznan University of Technology,"13,328",82%,18%,448,71%,29%,"1,272",99%,1%
Prince of Songkla University,"32,779",91%,9%,609,42%,58%,"2,517",97%,3%
Princess Sumaya University for Technology,"2,592",93%,7%,448,95%,5%,169,79%,21%
Qassim University,"39,501",94%,6%,"2,901",95%,5%,"4,148",56%,44%
"Queen Margaret University , Edinburgh","4,604",75%,25%,"1,361",70%,30%,222,77%,23%
Rhodes University,"6,496",76%,24%,"1,103",%,%,512,%,%
Riga Stradins University,"7,709",31%,69%,"2,399",0%,100%,593,91%,9%
Ritsumeikan Asia Pacific University,"5,672",97%,3%,"2,735",93%,7%,189,53%,47%
Robert Gordon University,"11,039",82%,18%,"2,821",64%,36%,531,76%,24%
Russian Presidential Academy of National Economy and Public Administration,"46,791",69%,31%,"1,517",71%,29%,"5,195",99%,1%
Russian-Armenian University (RAU),"3,898",76%,24%,"1,021",81%,19%,240,93%,7%
Rutgers University–Newark,"10,819",76%,24%,"2,326",41%,59%,764,86%,14%
Toronto Metropolitan University,"32,129",94%,6%,"1,374",82%,18%,877,%,%
Saint-Petersburg Mining University,"8,438",87%,13%,"1,020",73%,27%,"1,750",91%,9%
Shinshu University,"10,799",82%,18%,330,50%,50%,"1,041",95%,5%
Shoolini University of Biotechnology and Management Sciences,"3,756",69%,31%,58,50%,50%,227,92%,8%
Slovak University of Technology in Bratislava,"13,108",61%,39%,375,64%,36%,"1,255",99%,1%
Sophia University,"13,305",90%,10%,"1,340",55%,45%,"1,055",83%,17%
South Ural State University (National Research University),"13,769",66%,34%,"1,587",73%,27%,"1,423",93%,7%
Southern Methodist University,"10,315",65%,35%,927,41%,59%,971,93%,7%
Sumy State University,"8,452",49%,51%,"2,041",11%,89%,896,98%,2%
MATE Hungarian University of Agriculture and Life Sciences,"9,795",90%,10%,"1,550",76%,24%,"1,123",99%,1%
Szechenyi Istvan University (University of Gyor),"8,304",78%,22%,508,50%,50%,662,99%,1%
TU Dortmund University,"20,314",80%,20%,"2,682",73%,27%,"2,206",88%,12%
Technical University of Kosice,"9,036",68%,32%,"1,844",79%,21%,812,99%,1%
Technical University of Liberec,"5,294",73%,27%,461,61%,39%,578,90%,10%
Technological University Dublin,"21,363",86%,14%,"4,118",71%,29%,"1,417",84%,16%
Tecnologico de Costa Rica -TEC,"9,842",85%,15%,215,70%,30%,799,94%,6%
Tokyo University of Science,"17,644",83%,17%,676,80%,20%,"1,141",92%,8%
UNIVERSITY OF GDANSK,"18,823",58%,42%,515,47%,53%,"1,768",96%,4%
Universidad Autonoma Metropolitana (UAM),"60,865",94%,6%,363,33%,67%,"2,776",94%,6%
Universidad Autonoma del Estado de Hidalgo (UAEH),"26,996",97%,3%,372,98%,2%,"3,042",98%,2%
Universidad Autonoma del Estado de Mexico (UAEMex),"69,078",95%,5%,219,89%,11%,"3,214",99%,1%
Universidad Diego Portales (UDP),"17,781",92%,8%,483,82%,18%,"1,097",92%,8%
Universidad EAFIT,"11,298",85%,15%,100,76%,24%,557,97%,3%
Universidad Nacional de Cordoba - UNC,"119,259",92%,8%,"1,385",63%,37%,"6,442",99%,1%
Universidad Nacional de Rosario (UNR),"100,435",85%,15%,"6,977",77%,23%,"10,707",%,%
Universidad Simon Bolivar (USB),"10,000",92%,8%,3,0%,100%,754,99%,1%
Universidad Tecnologica Nacional (UTN),"70,627",96%,4%,823,%,%,"8,022",%,%
Universidad Torcuato Di Tella,"2,480",76%,24%,117,57%,43%,187,81%,19%
Universidad de Guadalajara (UDG),"140,348",96%,4%,415,39%,61%,"11,703",98%,2%
Universidad de Los Andes - (ULA) Merida,"24,372",79%,21%,425,49%,51%,"2,085",100%,0%
Universidad de las Americas Puebla (UDLAP),"5,985",94%,6%,429,92%,8%,669,87%,13%
Universidad de los Andes - Chile,"9,946",83%,17%,285,75%,25%,606,92%,8%
Universidad del Valle,"33,442",91%,9%,158,97%,3%,"1,891",98%,2%
Universidade Catolica Portuguesa - UCP,"11,855",59%,41%,"1,933",40%,60%,810,91%,9%
Universidade Federal de Santa Catarina,"35,163",76%,24%,578,56%,44%,"2,942",97%,3%
Universidade Federal de Sao Carlos (UFSCar),"16,629",71%,29%,236,25%,75%,"1,265",98%,2%
Universidade Federal do Parana - UFPR,"32,863",83%,17%,91,85%,15%,"3,074",98%,2%
Universidade de Brasilia,"44,903",76%,24%,"1,140",64%,36%,"2,871",93%,7%
Universita' Politecnica delle Marche,"10,200",69%,31%,468,59%,41%,644,97%,3%
Universita' degli Studi di Ferrara,"22,392",69%,31%,"1,015",59%,41%,748,97%,3%
Universitas Brawijaya,"48,546",88%,12%,567,60%,40%,"3,801",96%,4%
Universiti Malaysia Pahang,"8,433",88%,12%,711,47%,53%,611,86%,14%
Universiti Malaysia Perlis,"10,662",87%,13%,531,41%,59%,806,99%,1%
Universiti Pendidikan Sultan Idris (UPSI),"9,284",83%,17%,"1,063",33%,67%,774,88%,12%
Universiti Tunku Abdul Rahman (UTAR),"17,683",96%,4%,608,68%,32%,"1,114",93%,7%
University at Albany SUNY,"15,504",80%,20%,"1,073",51%,49%,795,96%,4%
University of Alicante,"22,506",87%,13%,"2,363",69%,31%,"1,855",96%,4%
University of Baghdad,"73,873",83%,17%,120,78%,22%,"7,836",99%,1%
University of Bahrain,"22,403",95%,5%,"1,908",94%,6%,"1,283",66%,34%
University of Bari,"31,015",63%,37%,566,46%,54%,"1,396",96%,4%
University of Brescia,"11,335",63%,37%,719,60%,40%,655,96%,4%
University of Brighton,"14,801",87%,13%,"3,245",82%,18%,945,77%,23%
University of Calcutta,"14,972",19%,81%,77,9%,91%,755,88%,12%
University of Central Florida,"56,091",88%,12%,"2,631",61%,39%,"2,047",91%,9%
University of Central Lancashire,"22,161",78%,22%,"6,114",58%,42%,"1,407",84%,16%
University of Dhaka,"33,360",80%,20%,48,56%,44%,"2,268",99%,1%
University of Dubai,806,85%,15%,184,93%,7%,56,2%,98%
University of East London,"14,693",68%,32%,"7,577",55%,45%,575,72%,28%
University of Engineering & Technology (UET) Lahore,"13,163",81%,19%,559,98%,2%,950,100%,0%
University of Greenwich,"19,355",80%,20%,"8,931",71%,29%,946,64%,36%
University of Hartford,"5,330",78%,22%,358,63%,37%,496,88%,12%
University of Hertfordshire,"22,198",74%,26%,"9,293",57%,43%,"1,275",77%,23%
University of Hohenheim,"8,965",58%,42%,"1,282",32%,68%,793,86%,14%
University of Hradec Kralove,"5,030",70%,30%,149,66%,34%,475,85%,15%
University of Idaho,"8,337",78%,22%,404,41%,59%,604,97%,3%
University of Kwazulu-Natal,"30,752",84%,16%,601,28%,72%,"1,606",86%,14%
University of Lincoln,"15,060",87%,13%,"1,946",73%,27%,"1,037",74%,26%
University of Lodz,"21,317",64%,36%,"1,759",69%,31%,"2,099",98%,2%
University of Malta,"8,814",78%,22%,816,59%,41%,900,90%,10%
University of Maribor,"12,690",69%,31%,"1,355",76%,24%,"1,199",99%,1%
"University of Maryland, Baltimore County","11,457",85%,15%,973,40%,60%,844,75%,25%
University of Messina (UniME),"15,135",80%,20%,483,71%,29%,"1,003",99%,1%
University of Mississippi,"19,104",80%,20%,578,33%,67%,"1,985",93%,7%
University of Modena and Reggio Emilia,"26,037",58%,42%,"1,082",62%,38%,807,97%,3%
University of Murcia,"26,066",86%,14%,"1,878",78%,22%,"2,413",95%,5%
University of New England Australia,"23,192",%,%,"1,003",%,%,575,%,%
University of New Hampshire,"13,306",86%,14%,568,48%,52%,925,95%,5%
University of Parma,"28,169",63%,37%,"1,801",65%,35%,"1,007",99%,1%
University of Patras,"30,730",86%,14%,"1,601",92%,8%,"1,035",99%,1%
University of Peshawar,"6,063",%,%,121,%,%,606,%,%
University of Salford,"20,305",84%,16%,"4,613",67%,33%,"1,151",84%,16%
University of Santo Tomas,"26,511",92%,8%,"1,916",77%,23%,"1,990",82%,18%
University of Seoul,"8,568",82%,18%,502,52%,48%,857,97%,3%
University of Tulsa,"3,682",77%,23%,397,64%,36%,354,96%,4%
University of Tyumen,"11,933",70%,30%,"1,316",78%,22%,"1,228",96%,4%
University of Wroclaw,"19,876",59%,41%,"1,371",55%,45%,"1,913",96%,4%
University of Wyoming,"10,106",81%,19%,451,40%,60%,907,94%,6%
University of Zagreb,"58,474",41%,59%,675,17%,83%,"5,051",99%,1%
University of the Punjab,"26,525",77%,23%,180,58%,42%,"1,340",98%,2%
University of the West of England,"27,187",84%,16%,"6,636",72%,28%,"1,736",81%,19%
University of Zilina,"7,541",68%,32%,224,71%,29%,879,98%,2%
Universita degli Studi di Perugia,"25,449",59%,41%,"1,545",64%,36%,"1,082",95%,5%
Universita degli studi Roma Tre,"33,891",59%,41%,"1,679",70%,30%,"1,063",93%,7%
Universitat Duisburg-Essen,"41,414",66%,34%,"7,880",57%,43%,"3,512",83%,17%
Universite de Lorraine,"63,802",68%,32%,"10,335",51%,49%,"3,400",86%,14%
Nantes University,"37,620",64%,36%,"3,948",54%,46%,"2,129",89%,11%
Universite de Rennes 1,"27,825",63%,37%,"2,919",34%,66%,"1,765",91%,9%
Verona University,"17,504",63%,37%,792,55%,45%,905,96%,4%
Viet Nam National University Ho Chi Minh City (VNU-HCM),"85,506",91%,9%,523,50%,50%,"4,322",96%,4%
"Vietnam National University, Hanoi","48,483",85%,15%,272,36%,64%,"3,061",97%,3%
Vytautas Magnus University,"7,950",61%,39%,"1,466",72%,28%,736,85%,15%
Worcester Polytechnic Institute,"5,865",80%,20%,839,42%,58%,472,86%,14%
Wroclaw University of Science and Technology (WRUST),"22,967",81%,19%,"1,054",76%,24%,"2,105",98%,2%
Wuhan University of Technology,"51,497",72%,28%,"1,477",50%,50%,"3,539",97%,3%
Yamaguchi University,"10,187",85%,15%,349,25%,75%,"1,094",94%,6%
Yerevan State University,"12,402",84%,16%,270,60%,40%,"1,206",97%,3%
Yeungnam University,"20,884",91%,9%,"1,256",62%,38%,"1,517",85%,15%
Yokohama National University,"9,641",76%,24%,828,29%,71%,733,93%,7%
Zhengzhou University,0,78%,22%,"1,806",%,%,0,%,%
Al-Quds University,"10,839",84%,16%,657,90%,10%,772,80%,20%
Alexandria University,"192,593",91%,9%,"6,549",84%,16%,"10,005",99%,1%
Aligarh Muslim University,"18,149",69%,31%,298,72%,28%,"1,540",100%,0%
Amity University,"30,129",80%,20%,"3,639",88%,12%,"1,937",98%,2%
Amrita Vishwa Vidyapeetham,"19,224",73%,27%,273,69%,31%,"1,696",83%,17%
An-Najah National University,"18,909",90%,10%,"2,199",94%,6%,"1,059",84%,16%
Ankara Universitesi,"64,199",73%,27%,"3,661",76%,24%,"3,719",98%,2%
Asia University Taiwan,"11,991",89%,11%,470,64%,36%,491,93%,7%
Assiut University,"60,399",94%,6%,"1,582",30%,70%,"5,532",90%,10%
Athens University of Economics and Business,"10,462",81%,19%,478,91%,9%,217,99%,1%
Auburn University,"28,021",84%,16%,"2,053",48%,52%,"1,529",95%,5%
Azerbaijan State University of Economics,"17,328",84%,16%,386,90%,10%,"1,463",97%,3%
BRAC University,"13,488",87%,13%,223,52%,48%,695,98%,2%
Babes-Bolyai University,"41,961",75%,25%,"1,784",68%,32%,"1,951",94%,6%
Baku State University,"24,756",91%,9%,369,79%,21%,"2,551",99%,1%
Banaras Hindu University,"23,006",71%,29%,350,60%,40%,"1,711",100%,0%
Baylor University,"18,068",78%,22%,826,69%,31%,"1,238",99%,1%
Belarusian State University of Informatics and Radioelectronics,"10,997",95%,5%,591,95%,5%,751,100%,0%
Benemerita Universidad Autonoma de Puebla,"94,692",97%,3%,535,82%,18%,"2,645",97%,3%
Bielefeld University,"25,009",58%,42%,"1,933",43%,57%,"1,501",88%,12%
Bina Nusantara University (BINUS),"13,787",98%,2%,593,96%,4%,"1,130",90%,10%
Binghamton University SUNY,"16,733",84%,16%,"1,406",49%,51%,853,94%,6%
"Birla Institute of Technology and Science, Pilani","15,311",81%,19%,358,100%,0%,826,100%,0%
Birmingham City University,"25,092",81%,19%,"7,194",66%,34%,"1,464",82%,18%
Brigham Young University,"33,437",93%,7%,"1,152",81%,19%,"1,515",100%,0%
Brock University,"17,668",90%,10%,"2,187",66%,34%,599,98%,2%
CEU Universities,"18,255",86%,14%,"3,634",90%,10%,"1,466",98%,2%
COMSATS University Islamabad,"33,643",83%,17%,468,68%,32%,"2,395",99%,1%
The City College of New York,"11,988",88%,12%,761,78%,22%,795,95%,5%
Canterbury Christ Church University,"12,489",87%,13%,"2,429",86%,14%,635,84%,16%
Chungbuk National University,"14,636",82%,18%,804,56%,44%,"1,368",95%,5%
Corvinus University of Budapest,"11,029",67%,33%,"1,968",100%,0%,539,94%,6%
Doshisha University,"28,449",92%,8%,"1,213",62%,38%,"1,436",89%,11%
Escuela Politecnica Nacional,"7,461",94%,6%,109,94%,6%,471,94%,6%
Escuela Superior Politecnica del Litoral (ESPOL),"10,093",90%,10%,118,86%,14%,904,91%,9%
Financial University under the Government of the Russian Federation,"22,848",88%,12%,"1,525",78%,22%,"2,125",98%,2%
Fordham University,"13,910",64%,36%,"1,456",44%,56%,"1,044",94%,6%
Future University in Egypt,"8,436",98%,2%,916,99%,1%,843,98%,2%
Gazi Universitesi,"40,615",76%,24%,653,49%,51%,"2,102",100%,0%
George Mason University,"29,947",77%,23%,"2,422",51%,49%,"2,049",94%,6%
Glasgow Caledonian University,"15,487",87%,13%,"2,764",61%,39%,725,85%,15%
Harper Adams University,"3,076",87%,13%,349,56%,44%,156,86%,14%
Huazhong Agricultural University,0,73%,27%,421,4%,96%,0,%,54%
Imam Mohammad Ibn Saud Islamic University – IMSIU,"46,850",89%,11%,"1,341",86%,14%,"3,974",80%,20%
Istanbul Aydin University,"16,411",82%,18%,"3,456",60%,40%,"1,127",93%,7%
Ivan Franko National University of Lviv,"18,357",78%,22%,336,95%,5%,"1,782",99%,1%
Jeju National University,"10,070",87%,13%,579,62%,38%,872,98%,2%
Jiangnan University,0,75%,25%,353,44%,56%,0,%,24%
Kangwon National University,"21,527",90%,10%,609,46%,54%,"1,655",97%,3%
Kazakh Ablai Khan University of International Relations and World Languages,"6,166",94%,6%,264,97%,3%,522,95%,5%
Kazan National Research Technological University,"12,818",68%,32%,"2,208",74%,26%,"1,120",99%,1%
Kent State University,"22,027",84%,16%,"1,147",50%,50%,"1,166",88%,12%
Kharkiv National University of Radio Electronics,"7,237",78%,22%,788,90%,10%,704,99%,1%
Kookmin University,"16,949",87%,13%,"2,405",84%,16%,"1,502",95%,5%
Kuwait University,"27,603",93%,7%,"3,727",90%,10%,"1,690",87%,13%
Kyoto Institute of Technology,"3,958",68%,32%,38,18%,82%,312,94%,6%
Kyushu Institute of Technology,"5,628",72%,28%,306,11%,89%,374,93%,7%
Leeds Beckett University,"20,517",83%,17%,"2,998",65%,35%,943,86%,14%
Marquette University,"10,301",72%,28%,291,39%,61%,886,96%,4%
Mendeleev University of Chemical Technology,"7,338",68%,32%,432,74%,26%,691,100%,0%
Mississippi State University,"20,333",87%,13%,676,31%,69%,"1,126",93%,7%
Multimedia University (MMU),"8,043",92%,8%,994,63%,37%,582,91%,9%
Mustansiriyah University,"33,105",87%,13%,"1,666",86%,14%,"4,846",83%,17%
Mutah University,"9,361",87%,13%,"1,987",81%,19%,699,93%,7%
Mykolas Romeris University,"4,255",62%,38%,490,48%,52%,295,94%,6%
Nagoya Institute of Technology (NIT),"5,711",70%,30%,280,42%,58%,343,96%,4%
Nanjing Normal University,"30,053",62%,38%,"1,490",87%,13%,"2,300",98%,2%
National Taiwan Ocean University,"8,163",77%,23%,622,78%,22%,562,97%,3%
National University of Kyiv-Mohyla Academy (NaUKMA),"4,878",81%,19%,45,38%,62%,550,99%,1%
North South University,"12,692",89%,11%,313,26%,74%,715,91%,9%
North-West University,"35,753",94%,6%,954,62%,38%,"1,679",96%,4%
Ocean University of China,"27,968",51%,49%,523,59%,41%,"1,789",97%,3%
Odessa I.I.Mechnikov National University,"5,852",86%,14%,251,62%,38%,935,99%,1%
Ohio University,"22,818",82%,18%,977,32%,68%,"1,169",96%,4%
Rochester Institute of Technology (RIT),"13,728",85%,15%,"1,586",35%,65%,"1,136",96%,4%
Saitama University,"8,321",82%,18%,522,29%,71%,601,93%,7%
San Diego State University,"32,810",89%,11%,"1,724",82%,18%,"1,258",96%,4%
Sathyabama Institute of Science and Technology (Deemed to be University),"12,098",91%,9%,628,84%,16%,"1,073",94%,6%
Seattle University,"6,098",67%,33%,568,71%,29%,578,99%,1%
Seoul National University of Science and Technology,"8,998",86%,14%,990,76%,24%,710,93%,7%
Shahid Beheshti University (SBU),"19,196",39%,61%,268,37%,63%,861,99%,1%
Shanghai International Studies University,"12,627",66%,34%,499,0%,100%,985,88%,12%
Sheffield Hallam University,"27,009",84%,16%,"3,373",57%,43%,"1,670",85%,15%
"Siberian Federal University, SibFU","9,773",52%,48%,"1,478",51%,49%,"1,043",80%,20%
"Siksha ‘O’ Anusandhan (Deemed to be University), SOA","12,272",84%,16%,231,71%,29%,"1,258",99%,1%
Silesian University of Technology,"18,266",80%,20%,423,50%,50%,"1,608",99%,1%
Sookmyung Women's University,"10,645",87%,13%,162,35%,65%,858,95%,5%
Taibah University,"56,178",97%,3%,"1,323",95%,5%,"2,546",54%,46%
Tallinn University,"6,345",58%,42%,704,48%,52%,329,80%,20%
Technical University of Lublin,"7,611",%,%,707,%,%,"1,100",%,%
Telkom University,"19,656",98%,2%,433,90%,10%,"1,684",91%,9%
Texas Tech University,"35,583",85%,15%,"1,994",32%,68%,"1,855",91%,9%
Thapar Institute of Engineering & Technology,"9,876",80%,20%,119,94%,6%,552,96%,4%
The Herzen State Pedagogical University of Russia,"15,646",72%,28%,"2,848",53%,47%,"1,374",99%,1%
"The National Research University ""Belgorod State University""","11,615",48%,52%,"2,342",31%,69%,970,98%,2%
The University of Alabama,"33,264",86%,14%,"1,091",50%,50%,"1,673",96%,4%
The University of Lahore,"30,112",80%,20%,625,100%,0%,"2,128",98%,2%
The University of Northampton,"11,103",79%,21%,"4,007",62%,38%,582,82%,18%
Tokai University,"28,535",97%,3%,991,89%,11%,"2,079",95%,5%
Tomas Bata University in Zlin,"8,932",70%,30%,"1,055",60%,40%,480,89%,11%
Ton Duc Thang University,"27,878",93%,7%,378,77%,23%,"1,179",92%,8%
Universidad Andres Bello,"42,819",94%,6%,817,61%,39%,"2,250",94%,6%
Universidad Austral de Chile,"17,419",96%,4%,312,62%,38%,733,90%,10%
Universidad Autonoma de Nuevo Leon,"132,813",96%,4%,451,30%,70%,"4,456",98%,2%
Universidad Industrial de Santander - UIS,"20,546",93%,7%,121,93%,7%,"1,020",96%,4%
"ULACIT - Universidad Latinoamericana de Ciencia y Tecnologia, Costa Rica","3,067",83%,17%,220,90%,10%,223,93%,7%
Universidad Nacional Agraria la Molina,"7,860",76%,24%,179,27%,73%,608,96%,4%
Universidad Nacional de Cuyo,"35,241",85%,15%,"3,896",90%,10%,"3,064",99%,1%
Universidad Nacional de la Asuncion,"50,060",89%,11%,820,97%,3%,"5,363",95%,5%
Universidad Nacional Costa Rica,"15,585",%,%,324,65%,35%,"1,119",93%,7%
Universidad Peruana de Ciencias Aplicadas,"54,137",99%,1%,975,99%,1%,"2,208",91%,9%
Universidad Rey Juan Carlos,"41,355",90%,10%,"4,667",81%,19%,"2,195",91%,9%
Universidad Tecnologica de Panama (UTP),"20,764",98%,2%,954,99%,1%,"1,706",98%,2%
Universidad Tecnica Federico Santa Maria (USM),"17,724",94%,6%,345,58%,42%,821,93%,7%
Universidad de Castilla-La Mancha,"25,071",89%,11%,"1,232",61%,39%,"1,872",99%,1%
Universidad de Lima,"15,081",99%,1%,280,100%,0%,659,97%,3%
Universidad de Monterrey (UDEM),"9,076",89%,11%,136,86%,14%,613,92%,8%
Universidad de Talca,"11,045",95%,5%,99,38%,62%,613,87%,13%
Universidad de Valladolid,"22,487",%,%,"1,625",%,%,"1,889",100%,0%
Universidad de Valparaiso (UV),"16,627",94%,6%,179,45%,55%,987,95%,5%
Universidad del Norte,"12,844",93%,7%,86,95%,5%,890,93%,7%
Universidad del Pacifico,"4,777",97%,3%,26,62%,38%,210,91%,9%
Universidade Federal de Pelotas,"14,960",90%,10%,131,34%,66%,"1,360",%,%
Universidade Federal de Pernambuco (UFPE),"32,810",66%,34%,216,16%,84%,"2,669",99%,1%
Universidade da Coruna,"14,810",81%,19%,694,38%,62%,"1,284",99%,1%
Universidade de Vigo,"20,177",83%,17%,860,38%,62%,"1,252",98%,2%
Universidade do Estado do Rio de Janeiro (UERJ),"34,477",86%,14%,140,71%,29%,"2,558",97%,3%
Universitas Hasanuddin,"31,549",79%,21%,733,88%,12%,"2,507",96%,4%
Universitas Sebelas Maret,"29,835",85%,15%,444,73%,27%,"2,316",93%,7%
Universiti Kuala Lumpur (UniKL),"16,309",94%,6%,598,36%,64%,"1,514",95%,5%
Universiti Malaysia Sabah (UMS),"16,826",87%,13%,"1,412",69%,31%,942,92%,8%
Universiti Malaysia Sarawak (UNIMAS),"13,915",81%,19%,923,48%,52%,886,84%,16%
Universiti Malaysia Terengganu (UMT),"9,678",86%,14%,594,7%,93%,687,92%,8%
Universiti Tun Hussein Onn Malaysia (UTHM),"16,136",87%,13%,"1,002",22%,78%,966,94%,6%
"University of Agriculture, Faisalabad","29,910",65%,35%,98,63%,37%,784,97%,3%
University of Arkansas Fayetteville,"25,207",87%,13%,"1,134",56%,44%,"1,364",95%,5%
University of Belgrade,"97,225",69%,31%,"4,610",54%,46%,"4,674",98%,2%
University of Bialystok,"8,743",%,%,478,%,%,800,%,%
University of Bucharest,"32,650",66%,34%,718,65%,35%,"1,842",98%,2%
University of Calabria,"23,654",99%,1%,978,97%,3%,948,95%,5%
University of Derby,"16,188",86%,14%,"2,986",83%,17%,"1,036",86%,14%
University of Hawaii at Hilo,"2,658",85%,15%,81,90%,10%,208,97%,3%
University of Kufa,"24,992",94%,6%,43,81%,19%,"2,356",96%,4%
University of Latvia,"12,553",67%,33%,833,51%,49%,586,90%,10%
University of Miskolc,"7,853",66%,34%,445,15%,85%,638,97%,3%
University of Missouri Saint Louis,"6,815",77%,23%,288,46%,54%,490,96%,4%
"University of Missouri, Kansas City","9,961",64%,36%,694,46%,54%,769,97%,3%
University of Montana Missoula,"7,787",78%,22%,124,45%,55%,556,99%,1%
University of Mumbai,"7,524",18%,82%,113,75%,25%,445,99%,1%
University of Naples Parthenope,"8,370",72%,28%,151,68%,32%,349,99%,1%
University of North Texas,"33,651",85%,15%,"2,538",52%,48%,"1,351",96%,4%
University of Ostrava,"6,935",66%,34%,679,58%,42%,564,89%,11%
University of Palermo,"28,571",57%,43%,504,66%,34%,"1,434",98%,2%
University of Pannonia,"4,163",%,%,341,%,%,359,%,%
University of Pardubice,"6,048",77%,23%,416,70%,30%,711,93%,7%
University of Peradeniya,"19,991",61%,39%,163,25%,75%,"1,692",100%,0%
University of Primorska,"6,089",74%,26%,942,78%,22%,383,86%,14%
University of Regina,"14,333",90%,10%,"2,689",79%,21%,620,95%,5%
University of Rhode Island,"15,932",89%,11%,473,44%,56%,906,95%,5%
University of Rijeka,"13,051",56%,44%,222,6%,94%,905,98%,2%
University of Salerno,"25,397",60%,40%,406,44%,56%,"1,174",98%,2%
University of San Diego,"7,602",70%,30%,465,81%,19%,661,98%,2%
University of San Francisco,"8,298",68%,32%,"1,060",63%,37%,675,99%,1%
University of Texas at San Antonio,"28,058",89%,11%,806,49%,51%,"1,163",93%,7%
University of Toledo,"15,103",79%,21%,"1,096",61%,39%,880,94%,6%
University of Warmia and Mazury in Olsztyn,"15,629",60%,40%,399,13%,87%,"1,686",98%,2%
University of Wisconsin Milwaukee,"20,522",84%,16%,885,46%,54%,"1,273",94%,6%
University of Wolverhampton,"15,385",84%,16%,"4,301",76%,24%,954,84%,16%
University of the Pacific,"5,720",60%,40%,369,67%,33%,534,97%,3%
University of the Sunshine Coast,"17,468",89%,11%,"3,067",%,%,540,%,%
University of the Western Cape,"18,040",92%,8%,800,58%,42%,827,86%,14%
Universita degli Studi della Tuscia (University of Tuscia),"6,434",73%,27%,316,65%,35%,340,93%,7%
Universita degli Studi di Udine,"12,417",68%,32%,532,65%,35%,763,96%,4%
Universitat Siegen,"18,095",75%,25%,"2,249",47%,53%,"1,204",82%,18%
Universite Lumiere Lyon 2,"25,365",70%,30%,"4,573",59%,41%,972,86%,14%
Universite Toulouse 1 Capitole,"21,130",74%,26%,"3,603",43%,57%,469,85%,15%
Universite de Poitiers,"26,929",%,%,"4,200",%,%,"1,314",%,%
Universite Toulouse - Jean Jaures,"30,000",%,%,"4,000",%,%,514,85%,15%
Utah State University,"20,106",91%,9%,240,59%,41%,"1,085",%,%
"Vellore Institute of Technology (VIT), Vellore, India","39,068",77%,23%,916,93%,7%,"2,186",91%,9%
Voronezh State University,"15,692",83%,17%,"2,505",83%,17%,"1,332",97%,3%
Warsaw University of Life Sciences SGGW (WULS-SGGW),"16,339",83%,17%,"1,147",89%,11%,"1,277",98%,2%
West Virginia University,"23,774",80%,20%,"1,350",54%,46%,"1,573",96%,4%
Western Michigan University,"13,314",85%,15%,"1,127",61%,39%,965,84%,16%
Xi'an Jiaotong Liverpool University,"16,152",88%,12%,978,83%,17%,823,56%,44%
Yildiz Technical University,"25,532",79%,21%,"2,818",77%,23%,"1,550",97%,3%
Don State Technical University,"26,390",78%,22%,"2,803",70%,30%,"1,877",99%,1%
Akdeniz Universitesi,"41,093",%,%,103,%,%,"1,714",100%,0%
Al-Azhar University,"299,054",88%,12%,"20,664",96%,4%,"18,933",100%,0%
Al-Balqa Applied University,"28,178",96%,4%,425,99%,1%,"1,389",97%,3%
Alexandru Ioan Cuza University,"23,448",73%,27%,"2,016",72%,28%,"1,127",97%,3%
Anadolu University,"20,993",79%,21%,730,54%,46%,"1,509",99%,1%
Aoyama Gakuin University,"19,692",94%,6%,578,56%,44%,"1,000",90%,10%
Bahauddin Zakariya University,"30,862",85%,15%,10,100%,0%,820,%,%
Birzeit university,"11,900",94%,6%,563,90%,10%,580,91%,9%
British University in Egypt,"10,539",99%,1%,302,98%,2%,938,98%,2%
California State University - Los Angeles,"23,544",87%,13%,"1,465",82%,18%,981,96%,4%
Universidad Catolica de Cordoba,"10,751",81%,19%,387,94%,6%,771,97%,3%
Central Michigan University,"14,338",82%,18%,368,45%,55%,803,97%,3%
China University of Political Science and Law,"17,222",56%,44%,195,45%,55%,"1,038",97%,3%
Chung Yuan Christian University,"15,782",86%,14%,"1,246",81%,19%,735,96%,4%
Cleveland State University,"12,185",78%,22%,910,47%,53%,761,98%,2%
Dokuz Eylul Universitesi,"52,655",%,%,"1,631",%,%,"1,818",98%,2%
EGE UNIVERSITY,"53,217",81%,19%,"1,807",72%,28%,"3,304",100%,0%
Feng Chia University,"18,874",90%,10%,"1,444",85%,15%,869,97%,3%
Florida Atlantic University - Boca Raton,"22,202",85%,15%,914,69%,31%,"1,126",94%,6%
Fu Jen Catholic University,"18,434",89%,11%,"2,059",74%,26%,642,95%,5%
Fundacion Universidad de Bogota Jorge Tadeo Lozano,"6,577",81%,19%,37,%,%,401,97%,3%
Gebze Technical University (GTU),"7,487",41%,59%,144,47%,53%,520,97%,3%
German University in Cairo,"12,947",84%,16%,49,100%,0%,743,91%,9%
Hanoi University of Science and Technology,"38,635",96%,4%,149,95%,5%,"1,110",97%,3%
Helwan University,"127,649",88%,12%,"1,794",63%,37%,"6,631",100%,0%
Hohai University,0,60%,40%,694,22%,78%,0,%,54%
Hongik University,"19,770",86%,14%,"1,672",66%,34%,"1,227",89%,11%
Humboldt State University,"5,961",92%,8%,79,89%,11%,349,98%,2%
Illinois State University,"18,924",90%,10%,505,24%,76%,"1,008",96%,4%
Indiana State University,"9,133",87%,13%,226,55%,45%,510,99%,1%
"International Islamic University, Islamabad (IIU)","24,360",81%,19%,"1,509",79%,21%,980,99%,1%
Irkutsk State University,"12,281",88%,12%,538,78%,22%,923,98%,2%
Istanbul Bilgi Universitesi,"10,420",92%,8%,"1,431",96%,4%,775,95%,5%
Izmir Institute of Technology (IZTECH),"6,343",77%,23%,161,57%,43%,317,97%,3%
Jamia Hamdard,"9,483",74%,26%,313,78%,22%,522,%,%
Kindai University (Kinki University),"34,393",97%,3%,497,91%,9%,"2,192",92%,8%
King Mongkut's Institute of Technology Ladkrabang,"24,243",88%,12%,307,62%,38%,"1,178",90%,10%
Kwansei Gakuin University,"25,269",95%,5%,"1,040",82%,18%,"1,111",86%,14%
Lucian Blaga University of Sibiu,"13,369",71%,29%,426,76%,24%,812,93%,7%
MIREA - Russian Technological University,"27,397",72%,28%,"1,028",80%,20%,"1,544",100%,0%
Makerere University,"34,651",91%,9%,"2,694",%,%,"1,468",93%,7%
Marmara University,"70,356",69%,31%,"2,816",62%,38%,"3,317",98%,2%
Meiji University,"32,810",93%,7%,"1,890",67%,33%,"1,694",93%,7%
Moscow City University,"14,195",71%,29%,638,86%,14%,917,97%,3%
Moscow Pedagogical State University,"16,199",81%,19%,"2,378",71%,29%,941,100%,0%
National Dong Hwa University,"9,734",79%,21%,804,64%,36%,563,98%,2%
National Research University Moscow Power Engineering Institute (MPEI),"10,992",72%,28%,"1,986",83%,17%,722,94%,6%
National Taipei University,"7,940",79%,21%,424,75%,25%,480,99%,1%
National University of Life and Environmental sciences of Ukraine,"13,472",72%,28%,178,75%,25%,"1,042",100%,0%
Northern Arizona University,"24,986",88%,12%,631,75%,25%,"1,158",98%,2%
OSMANIA UNIVERSITY,"9,430",22%,78%,572,42%,58%,396,%,%
Panjab University,"17,691",50%,50%,231,47%,53%,"1,077",%,%
Pontificia Universidade Catolica de Campinas,"7,502",96%,4%,7,29%,71%,432,98%,2%
Pontificia Universidade Catolica do Parana,"10,370",88%,12%,117,84%,16%,721,100%,0%
Pontificia Universidade Catolica do Rio Grande do Sul (PUCRS),"14,096",85%,15%,156,59%,41%,662,98%,2%
Portland State University,"17,186",81%,19%,971,58%,42%,"1,061",100%,0%
Pukyong National University,"15,941",89%,11%,"1,134",67%,33%,"1,222",96%,4%
Rikkyo University,"21,040",94%,6%,"1,318",67%,33%,"1,236",87%,13%
Russian State Agrarian University - Moscow Timiryazev Agricultural Academy,"11,721",76%,24%,631,61%,39%,702,99%,1%
Russian State University for the Humanities,"9,214",76%,24%,395,61%,39%,774,99%,1%
Rutgers University–Camden,"5,893",83%,17%,189,66%,34%,436,90%,10%
Saken Seifullin Kazakh Agrotechnical University,"8,405",96%,4%,130,95%,5%,898,98%,2%
Shanghai Normal University,0,76%,24%,"1,249",90%,10%,0,%,100%
Shanghai University of Finance and Economics,"17,634",53%,47%,412,68%,32%,"1,104",90%,10%
Shibaura Institute of Technology,"9,399",88%,12%,715,70%,30%,322,87%,13%
Slovak University of Agriculture in Nitra,"5,610",57%,43%,165,53%,47%,430,93%,7%
Soochow University (Taiwan),"15,458",83%,17%,681,81%,19%,720,97%,3%
Soongsil University,"15,554",89%,11%,"1,644",80%,20%,950,95%,5%
Southwest University,0,88%,12%,542,%,%,0,%,13%
Stefan cel Mare University of Suceava,"7,546",71%,29%,"1,291",73%,28%,386,99%,1%
Suez Canal University,"43,673",88%,12%,474,42%,58%,"3,492",99%,1%
Suranaree University of Technology,"14,614",92%,8%,277,33%,67%,594,95%,5%
Tamkang University,"21,167",92%,8%,"1,593",88%,12%,957,95%,5%
Tanta University,"137,647",88%,12%,"4,408",32%,68%,"5,814",99%,1%
Technical University of Cluj-Napoca,"19,199",74%,26%,471,78%,22%,"1,044",100%,0%
"The ""Gheorghe Asachi"" Technical University of Iasi","12,647",77%,23%,893,100%,0%,564,%,%
The Hashemite University,"17,979",96%,4%,"1,236",97%,3%,673,92%,8%
Toraighyrov University,"7,716",87%,13%,16,0%,100%,566,98%,2%
Transilvania University of Brasov,"17,844",75%,25%,348,66%,34%,948,98%,2%
Tunghai University,"15,201",86%,14%,"1,577",83%,17%,763,93%,7%
Universidad Autonoma de Yucatan,"16,293",90%,10%,45,33%,67%,807,98%,2%
Universidad Autonoma de Baja California,"67,944",97%,3%,"2,069",95%,5%,"3,132",98%,2%
Universidad Autonoma de Chile,"30,187",98%,2%,183,90%,10%,"1,383",95%,5%
Universidad Autonoma de Queretaro (UAQ),"25,399",90%,10%,305,79%,21%,"1,056",95%,5%
Universidad Autonoma del Estado de Morelos (UAEM),"30,856",96%,4%,31,35%,65%,"2,630",97%,3%
Universidad Bernardo O'Higgins,"7,763",94%,6%,133,93%,7%,478,93%,7%
Universidad Catolica de Colombia,"10,129",80%,20%,41,80%,20%,455,96%,4%
Universidad Catolica de la Santisima Concepcion (UCSC),"9,772",95%,5%,33,33%,67%,594,95%,5%
Universidad Catolica del Norte,"11,601",94%,6%,360,73%,27%,674,91%,9%
Universidad Central de Chile,"14,063",92%,8%,137,85%,15%,599,99%,1%
"Universidad La Salle, Mexico","7,175",92%,8%,77,79%,21%,552,98%,2%
Universidad Mayor de San Andres (UMSA),"80,308",97%,3%,116,87%,13%,0,%,51%
Universidad Metropolitana,"5,417",88%,12%,35,86%,14%,206,88%,12%
Universidad Nacional de Quilmes,"22,253",93%,7%,376,53%,47%,887,98%,2%
Universidad Nacional de San Martin (UNSAM),"22,660",88%,12%,"1,148",69%,31%,"1,312",99%,1%
Universidad Nacional del Litoral,"42,081",94%,6%,132,27%,73%,"1,579",99%,1%
Universidad San Ignacio de Loyola,"21,205",91%,9%,221,99%,1%,600,97%,3%
Universidad Tecnologica de Pereira,"17,872",92%,8%,13,92%,8%,724,99%,1%
"Universidad Tecnologica de la Habana Jose Antonio Echeverria, Cujae","10,034",57%,43%,472,45%,55%,819,97%,3%
Universidad de Cartagena,"15,445",89%,11%,35,83%,17%,655,98%,2%
Universidad de Cuenca,"14,003",95%,5%,158,%,%,801,98%,2%
Universidad de Guanajuato,"30,300",89%,11%,422,63%,37%,"1,550",95%,5%
Universidad de La Serena,"8,170",98%,2%,52,44%,56%,311,95%,5%
Universidad de Panama - UP,"76,995",96%,4%,"1,821",98%,2%,"2,785",97%,3%
Universidad de Piura,"9,643",97%,3%,92,96%,4%,432,94%,6%
Universidad de Santander - UDES,"18,210",48%,52%,47,%,%,936,88%,12%
Universidad de las Fuerzas Armadas ESPE (Ex - Escuela Politecnica del Ejercito),"20,945",97%,3%,56,88%,13%,"1,090",97%,3%
Universidad del Bio-Bio,"12,608",97%,3%,103,35%,65%,483,93%,7%
Universidad del Cauca,"15,802",%,%,39,%,%,834,88%,12%
Universidad del Desarrollo (UDD),"16,147",95%,5%,310,81%,19%,"1,093",95%,5%
Universidad del Magdalena,"17,254",99%,1%,39,97%,3%,614,96%,4%
Universidad del Salvador,"13,858",89%,11%,999,%,%,"1,137",96%,4%
Universidad del Valle de Mexico (UVM),"69,876",94.1%,5.9%,620,%,%,"3,595",100%,0%
Universidade Estadual de Londrina,"19,940",68%,32%,141,53%,47%,"1,479",99%,1%
Universidade Federal Fluminense,"58,558",83%,17%,799,84%,16%,"3,203",96%,4%
Universidade Federal da Bahia,"42,633",82%,18%,438,33%,67%,"2,629",96%,4%
Universidade Federal da Paraiba,"41,204",86%,14%,147,69%,31%,"2,395",98%,2%
Universidade Federal de Goias,"35,015",86%,14%,214,74%,26%,"1,983",97%,3%
Universidade Federal de Santa Maria,"27,256",81%,19%,155,50%,50%,"2,217",98%,2%
Universidade Federal de Uberlandia,"25,761",81%,19%,177,54%,46%,"2,026",98%,2%
Universidade Federal de Vicosa (UFV),"17,595",77%,23%,289,26%,74%,"1,249",98%,2%
Universidade Federal do Ceara (UFC),"40,364",83%,17%,256,44%,56%,"1,996",99%,1%
Universidade Federal do Para,"45,647",77%,23%,31,77%,23%,"2,609",98%,2%
Universidade Presbiteriana Mackenzie,"12,861",91%,9%,50,%,%,787,96%,4%
"Universita' degli Studi ""G. d'Annunzio"" Chieti Pescara","17,606",63%,37%,588,%,%,717,97%,3%
Universitas Muhammadiyah Surakarta,"29,552",98%,2%,65,69%,31%,"1,766",97%,3%
Universitatea de Vest din Timisoara / West University of Timisoara,"14,527",71%,29%,799,66%,34%,707,99%,1%
University POLITEHNICA of Bucharest,"29,970",66%,34%,922,75%,25%,"1,251",99%,1%
University of Babylon,"31,272",88%,12%,24,8%,92%,"2,085",100%,0%
University of Colombo,"20,300",73%,27%,101,68%,32%,879,100%,0%
University of Ghana,"44,347",98%,2%,830,60%,40%,"1,497",96%,4%
University of International Business and Economics,"15,708",62%,38%,"2,611",57%,43%,"1,015",94%,6%
University of Karachi,"44,969",86%,14%,78,100%,0%,"1,063",97%,3%
University of Khartoum,"15,816",%,%,159,%,%,780,%,%
University of Kragujevac,"15,717",%,%,25,76%,24%,"1,055",100%,0%
University of Memphis,"16,203",81%,19%,524,38%,62%,"1,143",98%,2%
University of Ni<U+0161>,"20,634",%,%,"1,300",%,%,"1,460",%,%
University of North Carolina at Charlotte,"26,589",84%,16%,"1,508",30%,70%,"1,269",96%,4%
University of North Carolina at Greensboro,"16,504",85%,15%,408,42%,58%,982,94%,6%
