"","University","qs_students","the_students","continent","diff","pdiff","outlier"
"1","Aalborg University",16952,16519,"europe",433,0.02587,"not outlier"
"2","Aalto University",13154,12815,"europe",339,0.02611,"not outlier"
"3","Aarhus University",28177,26521,"europe",1656,0.06055,"not outlier"
"4","Aberystwyth University",6264,6446,"europe",-182,-0.02864,"not outlier"
"5","Abo Akademi University",5501,5309,"europe",192,0.03552,"not outlier"
"6","Adam Mickiewicz University, Pozna<U+0144>",33714,33714,"europe",0,0,"not outlier"
"7","AGH University of Science and Technology",22979,21317,"europe",1662,0.07504,"not outlier"
"8","Ain Shams University",155929,201733,"africa",-45804,-0.25613,"outlier & student qs < the"
"9","Airlangga University",26723,27351,"asia",-628,-0.02323,"not outlier"
"10","Aix-Marseille University",67724,69951,"europe",-2227,-0.03235,"not outlier"
"11","Ajman University",5125,5003,"asia",122,0.02409,"not outlier"
"12","Ajou University",9554,9073,"asia",481,0.05165,"not outlier"
"13","Al-Azhar University",299054,376303,"africa",-77249,-0.22876,"outlier & student qs < the"
"14","Al-Balqa Applied University",29814,29814,"asia",0,0,"not outlier"
"15","Al-Farabi Kazakh National University",23167,23253,"asia",-86,-0.00371,"not outlier"
"16","Al Ain University",2918,2918,"asia",0,0,"not outlier"
"17","Alexandria University",186865,188711,"africa",-1846,-0.00983,"not outlier"
"18","Alexandru Ioan Cuza University",23479,24047,"europe",-568,-0.0239,"not outlier"
"19","Aligarh Muslim University",18484,22215,"asia",-3731,-0.18335,"not outlier"
"20","Altai State University",8562,8502,"europe",60,0.00703,"not outlier"
"21","American University",11660,12683,"north_america",-1023,-0.08405,"not outlier"
"22","American University of Sharjah",4276,4476,"asia",-200,-0.0457,"not outlier"
"23","Amirkabir University of Technology",11550,11550,"asia",0,0,"not outlier"
"24","Amity University",30030,31059,"asia",-1029,-0.03369,"not outlier"
"25","Amrita Vishwa Vidyapeetham",19224,14994,"asia",4230,0.24724,"outlier & student qs > the"
"26","An-Najah National University",18396,23053,"asia",-4657,-0.22471,"outlier & student qs < the"
"27","Anadolu University",33226,29612,"asia",3614,0.11503,"not outlier"
"28","Anna University",15503,14966,"asia",537,0.03525,"not outlier"
"29","Aoyama Gakuin University",19330,19275,"asia",55,0.00285,"not outlier"
"30","Aristotle University of Thessaloniki",47133,49057,"europe",-1924,-0.04,"not outlier"
"31","Assiut University",71419,92965,"africa",-21546,-0.26214,"outlier & student qs < the"
"32","Aston University",11334,11517,"europe",-183,-0.01602,"not outlier"
"33","Ateneo de Manila University",10716,12742,"asia",-2026,-0.17273,"not outlier"
"34","Athens University of Economics and Business",10371,9180,"europe",1191,0.12184,"not outlier"
"35","Auburn University",27321,27469,"north_america",-148,-0.0054,"not outlier"
"36","Australian Catholic University",23750,23750,"oceania",0,0,"not outlier"
"37","Azerbaijan State University of Economics",17275,16737,"asia",538,0.03164,"not outlier"
"38","Bahauddin Zakariya University",28162,30872,"asia",-2710,-0.09181,"not outlier"
"39","Baku State University",23103,22039,"asia",1064,0.04714,"not outlier"
"40","Banaras Hindu University",24246,13900,"asia",10346,0.54244,"outlier & student qs > the"
"41","Bandung Institute of Technology (ITB)",19120,18239,"asia",881,0.04716,"not outlier"
"42","Bangladesh University of Engineering and Technology",6268,5941,"asia",327,0.05357,"not outlier"
"43","Bangor University",8802,8802,"europe",0,0,"not outlier"
"44","Bar-Ilan University",16809,16498,"asia",311,0.01867,"not outlier"
"45","Bauman Moscow State Technical University",18011,18011,"europe",0,0,"not outlier"
"46","Baylor University",17101,18242,"north_america",-1141,-0.06457,"not outlier"
"47","Beijing Institute of Technology",31656,33771,"asia",-2115,-0.06465,"not outlier"
"48","Beijing Jiaotong University",27932,30608,"asia",-2676,-0.09142,"not outlier"
"49","Beijing Normal University",23688,23424,"asia",264,0.01121,"not outlier"
"50","Beijing University of Technology",23126,22746,"asia",380,0.01657,"not outlier"
"51","Beirut Arab University",6824,6824,"asia",0,0,"not outlier"
"52","Belarusian State University",22639,24684,"europe",-2045,-0.08643,"not outlier"
"53","Belarusian State University of Informatics and Radioelectronics",13966,14737,"europe",-771,-0.05372,"not outlier"
"54","Benemerita Universidad Autonoma de Puebla",77933,79502,"latin_america",-1569,-0.01993,"not outlier"
"55","Bielefeld University",24888,25182,"europe",-294,-0.01174,"not outlier"
"56","Bilkent University",9676,9961,"asia",-285,-0.02903,"not outlier"
"57","Birkbeck, University of London",8051,8406,"europe",-355,-0.04314,"not outlier"
"58","Birla Institute of Technology and Science, Pilani",14216,14849,"asia",-633,-0.04356,"not outlier"
"59","Birmingham City University",23376,21703,"europe",1673,0.07423,"not outlier"
"60","Bond University",3099,3386,"oceania",-287,-0.08851,"not outlier"
"61","Boston College",13187,12958,"north_america",229,0.01752,"not outlier"
"62","Boston University",26440,27785,"north_america",-1345,-0.04961,"not outlier"
"63","Bournemouth University",15167,13788,"europe",1379,0.09525,"not outlier"
"64","Brandeis University",5476,5425,"north_america",51,0.00936,"not outlier"
"65","Brno University of Technology",18327,17671,"europe",656,0.03645,"not outlier"
"66","Brown University",9652,9851,"north_america",-199,-0.02041,"not outlier"
"67","Brunel University London",13490,12517,"europe",973,0.07483,"not outlier"
"68","Budapest University of Technology and Economics",18108,19351,"europe",-1243,-0.06637,"not outlier"
"69","Cairo University",192930,231150,"africa",-38220,-0.18025,"outlier & student qs < the"
"70","Canterbury Christ Church University",11166,10920,"europe",246,0.02228,"not outlier"
"71","Cardiff University",28269,26622,"europe",1647,0.06001,"not outlier"
"72","Carleton University",26192,28693,"north_america",-2501,-0.09114,"not outlier"
"73","Carnegie Mellon University",13577,14163,"north_america",-586,-0.04225,"not outlier"
"74","Case Western Reserve University",11016,10898,"north_america",118,0.01077,"not outlier"
"75","Central South University",54940,54903,"asia",37,0.00067,"not outlier"
"76","Chalmers University of Technology",9512,9573,"europe",-61,-0.00639,"not outlier"
"77","Chang Gung University",6878,7232,"asia",-354,-0.05018,"not outlier"
"78","Charles Darwin University",7857,6665,"oceania",1192,0.16416,"not outlier"
"79","Charles Sturt University",11215,23264,"oceania",-12049,-0.69892,"outlier & student qs < the"
"80","Chiang Mai University",33836,33357,"asia",479,0.01426,"not outlier"
"81","Chiba University",13640,13868,"asia",-228,-0.01658,"not outlier"
"82","China Agricultural University",20514,21855,"asia",-1341,-0.0633,"not outlier"
"83","Chongqing University",40423,40613,"asia",-190,-0.00469,"not outlier"
"84","Chonnam National University",20946,22250,"asia",-1304,-0.06038,"not outlier"
"85","Chulalongkorn University",34509,34719,"asia",-210,-0.00607,"not outlier"
"86","Chung Yuan Christian University",15622,15314,"asia",308,0.01991,"not outlier"
"87","Chungbuk National University",15191,17669,"asia",-2478,-0.15082,"not outlier"
"88","Chungnam National University",19789,21471,"asia",-1682,-0.08153,"not outlier"
"89","City University of Hong Kong",9564,9506,"asia",58,0.00608,"not outlier"
"90","City, University of London",15158,14989,"europe",169,0.01121,"not outlier"
"91","Clark University",3219,3020,"north_america",199,0.06379,"not outlier"
"92","Clarkson University",4214,4466,"north_america",-252,-0.05806,"not outlier"
"93","Clemson University",23614,22785,"north_america",829,0.03573,"not outlier"
"94","Colorado School of Mines",6248,6226,"north_america",22,0.00353,"not outlier"
"95","Columbia University",27321,21608,"north_america",5713,0.23352,"outlier & student qs > the"
"96","Comenius University in Bratislava",20919,21008,"europe",-89,-0.00425,"not outlier"
"97","Complutense University of Madrid",60471,66338,"europe",-5867,-0.09253,"not outlier"
"98","COMSATS University Islamabad",34994,35851,"asia",-857,-0.02419,"not outlier"
"99","Concordia University",34773,35698,"north_america",-925,-0.02625,"not outlier"
"100","Cornell University",23890,23600,"north_america",290,0.01221,"not outlier"
"101","Corvinus University of Budapest",12548,12722,"europe",-174,-0.01377,"not outlier"
"102","Coventry University",33394,30827,"europe",2567,0.07994,"not outlier"
"103","Cukurova University",40152,42177,"asia",-2025,-0.04919,"not outlier"
"104","Curtin University",24264,30221,"oceania",-5957,-0.21867,"outlier & student qs < the"
"105","CY Cergy Paris University",8465,14768,"europe",-6303,-0.54259,"outlier & student qs < the"
"106","Czech Technical University in Prague",15276,17410,"europe",-2134,-0.13058,"not outlier"
"107","Dalhousie University",15837,16077,"north_america",-240,-0.01504,"not outlier"
"108","Dalian University of Technology",42093,40469,"asia",1624,0.03934,"not outlier"
"109","Dartmouth College",6444,6378,"north_america",66,0.01029,"not outlier"
"110","De La Salle University",12070,12386,"asia",-316,-0.02584,"not outlier"
"111","De Montfort University",25293,21889,"europe",3404,0.14429,"not outlier"
"112","Deakin University",42444,42675,"oceania",-231,-0.00543,"not outlier"
"113","Delft University of Technology",20273,20133,"europe",140,0.00693,"not outlier"
"114","Diponegoro University",38567,38567,"asia",0,0,"not outlier"
"115","Don State Technical University",26251,26376,"europe",-125,-0.00475,"not outlier"
"116","Doshisha University",28946,28074,"asia",872,0.03059,"not outlier"
"117","Drexel University",20164,19984,"north_america",180,0.00897,"not outlier"
"118","Dublin City University",14030,13315,"europe",715,0.05229,"not outlier"
"119","Duke University",15969,15785,"north_america",184,0.01159,"not outlier"
"120","Durham University",18717,17724,"europe",993,0.0545,"not outlier"
"121","East China Normal University",27826,27424,"asia",402,0.01455,"not outlier"
"122","East China University of Science and Technology",28007,27720,"asia",287,0.0103,"not outlier"
"123","Ecole des Ponts ParisTech",1957,2096,"europe",-139,-0.06859,"not outlier"
"124","Ecole Normale Superieure de Lyon",2066,2272,"europe",-206,-0.09497,"not outlier"
"125","Edinburgh Napier University",12571,10812,"europe",1759,0.15045,"not outlier"
"126","Edith Cowan University",15524,18086,"oceania",-2562,-0.15245,"not outlier"
"127","Eindhoven University of Technology",10190,11326,"europe",-1136,-0.1056,"not outlier"
"128","Emory University",13409,13179,"north_america",230,0.0173,"not outlier"
"129","Eotvos Lorand University",28450,29639,"europe",-1189,-0.04094,"not outlier"
"130","Erasmus University Rotterdam",28694,28933,"europe",-239,-0.00829,"not outlier"
"131","Escuela Politecnica Nacional",7274,7207,"latin_america",67,0.00925,"not outlier"
"132","Ewha Womans University",17273,14876,"asia",2397,0.14912,"not outlier"
"133","Far Eastern Federal University",13247,15850,"europe",-2603,-0.17892,"not outlier"
"134","Feng Chia University",18509,19510,"asia",-1001,-0.05266,"not outlier"
"135","Financial University under the Government of the Russian Federation",20137,14402,"europe",5735,0.33209,"outlier & student qs > the"
"136","Flinders University",17138,16976,"oceania",162,0.0095,"not outlier"
"137","Florida International University",35143,34729,"north_america",414,0.01185,"not outlier"
"138","Florida State University",37825,39380,"north_america",-1555,-0.04028,"not outlier"
"139","Free University of Bozen-Bolzano",4194,4195,"europe",-1,-0.00024,"not outlier"
"140","Fu Jen Catholic University",18589,18375,"asia",214,0.01158,"not outlier"
"141","Fudan University",28454,33140,"asia",-4686,-0.15216,"not outlier"
"142","Gda<U+0144>sk University of Technology",12130,13778,"europe",-1648,-0.12722,"not outlier"
"143","George Mason University",29633,31652,"north_america",-2019,-0.06589,"not outlier"
"144","George Washington University",21363,23375,"north_america",-2012,-0.08995,"not outlier"
"145","Georgetown University",16318,16703,"north_america",-385,-0.02332,"not outlier"
"146","Georgia Institute of Technology",24422,27838,"north_america",-3416,-0.13073,"not outlier"
"147","Georgia State University",30127,32290,"north_america",-2163,-0.06931,"not outlier"
"148","German University in Cairo",12947,13081,"africa",-134,-0.0103,"not outlier"
"149","Ghent University",37833,38984,"europe",-1151,-0.02997,"not outlier"
"150","Gifu University",7280,7189,"asia",91,0.01258,"not outlier"
"151","Glasgow Caledonian University",15009,13509,"europe",1500,0.1052,"not outlier"
"152","Goldsmiths, University of London",9144,9325,"europe",-181,-0.0196,"not outlier"
"153","Graz University of Technology",6822,6386,"europe",436,0.06602,"not outlier"
"154","Griffith University",33072,35020,"oceania",-1948,-0.05722,"not outlier"
"155","Gunma University",6429,6288,"asia",141,0.02218,"not outlier"
"156","Hacettepe University",47541,49026,"asia",-1485,-0.03076,"not outlier"
"157","Hallym University",7880,8663,"asia",-783,-0.09466,"not outlier"
"158","Hanoi University of Science and Technology",33666,32222,"asia",1444,0.04383,"not outlier"
"159","Hanyang University",22662,20009,"asia",2653,0.12435,"not outlier"
"160","Harbin Institute of Technology",30139,30575,"asia",-436,-0.01436,"not outlier"
"161","Harper Adams University",2909,2219,"europe",690,0.26911,"outlier & student qs > the"
"162","Harvard University",23663,21574,"north_america",2089,0.09236,"not outlier"
"163","Hasselt University",5529,5528,"europe",1,0.00018,"not outlier"
"164","Helwan University",122967,122967,"africa",0,0,"not outlier"
"165","Heriot-Watt University",9883,9493,"europe",390,0.04026,"not outlier"
"166","Hiroshima University",15220,15048,"asia",172,0.01137,"not outlier"
"167","Hitotsubashi University",6303,6215,"asia",88,0.01406,"not outlier"
"168","Hokkaido University",17887,18085,"asia",-198,-0.01101,"not outlier"
"169","Hong Kong Baptist University",8440,7075,"asia",1365,0.17596,"not outlier"
"170","Howard University",8949,8453,"north_america",496,0.057,"not outlier"
"171","HSE University",42852,28901,"europe",13951,0.38886,"outlier & student qs > the"
"172","Huazhong University of Science and Technology",60253,56709,"asia",3544,0.0606,"not outlier"
"173","Hunan University",36502,40198,"asia",-3696,-0.09638,"not outlier"
"174","Illinois Institute of Technology",5875,5851,"north_america",24,0.00409,"not outlier"
"175","Immanuel Kant Baltic Federal University",7341,7306,"europe",35,0.00478,"not outlier"
"176","Imperial College London",18318,17717,"europe",601,0.03336,"not outlier"
"177","Indian Institute of Science",4161,4199,"asia",-38,-0.00909,"not outlier"
"178","Indian Institute of Technology Bhubaneswar",2101,1778,"asia",323,0.16654,"not outlier"
"179","Inha University",17753,18801,"asia",-1048,-0.05734,"not outlier"
"180","Institut Polytechnique de Paris",6104,6087,"europe",17,0.00279,"not outlier"
"181","Instituto Politecnico Nacional (IPN)",133839,120639,"latin_america",13200,0.10374,"outlier & student qs > the"
"182","Instituto Tecnologico de Buenos Aires (ITBA)",3476,3370,"latin_america",106,0.03097,"not outlier"
"183","International Christian University",3228,2941,"asia",287,0.09305,"not outlier"
"184","Iowa State University",27351,31013,"north_america",-3662,-0.12549,"not outlier"
"185","Iran University of Science and Technology",15299,15004,"asia",295,0.01947,"not outlier"
"186","Irkutsk State University",12160,13039,"europe",-879,-0.06976,"not outlier"
"187","Istanbul Technical University",23395,25640,"asia",-2245,-0.09157,"not outlier"
"188","Istanbul University",86714,84991,"asia",1723,0.02007,"not outlier"
"189","ITMO University",10814,11089,"europe",-275,-0.02511,"not outlier"
"190","Ivan Franko National University of Lviv",18793,18895,"europe",-102,-0.00541,"not outlier"
"191","Ivane Javakhishvili Tbilisi State University",20475,21081,"asia",-606,-0.02917,"not outlier"
"192","Jadavpur University",10533,12967,"asia",-2434,-0.20715,"not outlier"
"193","Jagiellonian University",33790,36354,"europe",-2564,-0.07311,"not outlier"
"194","James Cook University",8709,10794,"oceania",-2085,-0.21381,"not outlier"
"195","Jamia Millia Islamia",8722,10451,"asia",-1729,-0.18036,"not outlier"
"196","Jawaharlal Nehru University",8523,8805,"asia",-282,-0.03255,"not outlier"
"197","Jeju National University",10401,12015,"asia",-1614,-0.144,"not outlier"
"198","Jeonbuk National University",19880,20488,"asia",-608,-0.03012,"not outlier"
"199","Jilin University",68551,72804,"asia",-4253,-0.06017,"not outlier"
"200","Johns Hopkins University",15310,16552,"north_america",-1242,-0.07796,"not outlier"
"201","Jouf University",22683,22683,"asia",0,0,"not outlier"
"202","Kagoshima University",10326,10477,"asia",-151,-0.01452,"not outlier"
"203","Kanazawa University",10250,10392,"asia",-142,-0.01376,"not outlier"
"204","Kangwon National University",21745,22420,"asia",-675,-0.03057,"not outlier"
"205","Kansas State University",18659,20529,"north_america",-1870,-0.09544,"not outlier"
"206","Kasetsart University",67633,67633,"asia",0,0,"not outlier"
"207","Kaunas University of Technology",7834,9060,"europe",-1226,-0.14514,"not outlier"
"208","Kazan National Research Technological University",12709,13685,"europe",-976,-0.07396,"not outlier"
"209","Keele University",9195,9122,"europe",73,0.00797,"not outlier"
"210","Keio University",33442,34319,"asia",-877,-0.02589,"not outlier"
"211","Kent State University",23450,23092,"north_america",358,0.01538,"not outlier"
"212","Khalifa University",2944,2947,"asia",-3,-0.00102,"not outlier"
"213","Khon Kaen University",32528,35729,"asia",-3201,-0.09379,"not outlier"
"214","King Faisal University",34780,29946,"asia",4834,0.14937,"not outlier"
"215","King Khalid University",39620,39668,"asia",-48,-0.00121,"not outlier"
"216","King Saud University",36166,34952,"asia",1214,0.03414,"not outlier"
"217","Kobe University",15563,15642,"asia",-79,-0.00506,"not outlier"
"218","Koc University",6369,5521,"asia",848,0.14264,"not outlier"
"219","Konkuk University",22946,13316,"asia",9630,0.53113,"outlier & student qs > the"
"220","Kookmin University",16655,17796,"asia",-1141,-0.06624,"not outlier"
"221","Korea University",26014,22799,"asia",3215,0.13173,"not outlier"
"222","KTH Royal Institute of Technology",13359,13422,"europe",-63,-0.0047,"not outlier"
"223","KU Leuven",47880,46327,"europe",1553,0.03297,"not outlier"
"224","Kumamoto University",9785,9935,"asia",-150,-0.01521,"not outlier"
"225","Kuwait University",36458,37104,"asia",-646,-0.01756,"not outlier"
"226","Kyoto Institute of Technology",3970,3970,"asia",0,0,"not outlier"
"227","Kyoto University",22608,22299,"asia",309,0.01376,"not outlier"
"228","Kyung Hee University",23296,20599,"asia",2697,0.12288,"not outlier"
"229","Kyungpook National University",21088,19332,"asia",1756,0.08689,"not outlier"
"230","Kyushu University",18566,18608,"asia",-42,-0.00226,"not outlier"
"231","La Trobe University",24518,26097,"oceania",-1579,-0.06239,"not outlier"
"232","Lancaster University",14665,13510,"europe",1155,0.08199,"not outlier"
"233","Lappeenranta-Lahti University of Technology LUT",4086,4333,"europe",-247,-0.05868,"not outlier"
"234","Lebanese American University",7829,7425,"asia",404,0.05297,"not outlier"
"235","Lebanese University",47334,49737,"asia",-2403,-0.04951,"not outlier"
"236","Leeds Beckett University",19290,18639,"europe",651,0.03433,"not outlier"
"237","Lehigh University",6369,6400,"north_america",-31,-0.00486,"not outlier"
"238","Leibniz University Hannover",24311,21640,"europe",2671,0.11625,"not outlier"
"239","Leiden University",31702,31556,"europe",146,0.00462,"not outlier"
"240","Lincoln University",2123,2633,"oceania",-510,-0.21447,"not outlier"
"241","Linkoping University",16511,15873,"europe",638,0.0394,"not outlier"
"242","Liverpool John Moores University",21766,20662,"europe",1104,0.05204,"not outlier"
"243","Lodz University of Technology",12346,13817,"europe",-1471,-0.11245,"not outlier"
"244","Lomonosov Moscow State University",30365,29118,"europe",1247,0.04193,"not outlier"
"245","London Metropolitan University",8229,7542,"europe",687,0.08712,"not outlier"
"246","London South Bank University",13067,12144,"europe",923,0.07322,"not outlier"
"247","Loughborough University",17129,15556,"europe",1573,0.09625,"not outlier"
"248","Louisiana State University",30558,28656,"north_america",1902,0.06424,"not outlier"
"249","Lucian Blaga University of Sibiu",13154,12174,"europe",980,0.07738,"not outlier"
"250","Lund University",27443,28498,"europe",-1055,-0.03772,"not outlier"
"251","Lviv Polytechnic National University",20880,21334,"europe",-454,-0.02151,"not outlier"
"252","Maastricht University",18970,18159,"europe",811,0.04369,"not outlier"
"253","Macau University of Science and Technology",10550,11113,"asia",-563,-0.05198,"not outlier"
"254","Macquarie University",24096,30249,"oceania",-6153,-0.22644,"outlier & student qs < the"
"255","Mahidol University",28477,29160,"asia",-683,-0.0237,"not outlier"
"256","Makerere University",35307,32113,"africa",3194,0.09475,"not outlier"
"257","Mansoura University",179473,154957,"africa",24516,0.14661,"outlier & student qs > the"
"258","Marmara University",59799,70356,"asia",-10557,-0.16222,"not outlier"
"259","Marquette University",10842,10811,"north_america",31,0.00286,"not outlier"
"260","Masaryk University",29280,30485,"europe",-1205,-0.04032,"not outlier"
"261","Massey University",10811,18701,"oceania",-7890,-0.5347,"outlier & student qs < the"
"262","Maynooth University",10901,10712,"europe",189,0.01749,"not outlier"
"263","McGill University",29066,31581,"north_america",-2515,-0.08294,"not outlier"
"264","McMaster University",25577,26112,"north_america",-535,-0.0207,"not outlier"
"265","Meiji University",32810,33357,"asia",-547,-0.01653,"not outlier"
"266","Memorial University of Newfoundland",16099,15698,"north_america",401,0.02522,"not outlier"
"267","Mendel University in Brno",8456,8413,"europe",43,0.0051,"not outlier"
"268","Michigan State University",44750,45689,"north_america",-939,-0.02077,"not outlier"
"269","Middle East Technical University",18221,18346,"asia",-125,-0.00684,"not outlier"
"270","Middlesex University",16415,15645,"europe",770,0.04803,"not outlier"
"271","MIREA - Russian Technological University",26239,23455,"europe",2784,0.11205,"not outlier"
"272","Mississippi State University",19711,28074,"north_america",-8363,-0.35003,"outlier & student qs < the"
"273","Missouri University of Science and Technology",6662,8898,"north_america",-2236,-0.2874,"outlier & student qs < the"
"274","Monash University",56812,60211,"oceania",-3399,-0.05809,"not outlier"
"275","Murdoch University",12748,17261,"oceania",-4513,-0.30078,"outlier & student qs < the"
"276","Mustansiriyah University",37890,39567,"asia",-1677,-0.0433,"not outlier"
"277","Mutah University",9455,10993,"asia",-1538,-0.15043,"not outlier"
"278","Nagasaki University",8768,8877,"asia",-109,-0.01235,"not outlier"
"279","Nagoya University",15676,15564,"asia",112,0.00717,"not outlier"
"280","Nanjing University",34148,37137,"asia",-2989,-0.08386,"not outlier"
"281","Nanjing University of Aeronautics and Astronautics",30178,30713,"asia",-535,-0.01757,"not outlier"
"282","Nankai University",30568,30456,"asia",112,0.00367,"not outlier"
"283","National and Kapodistrian University of Athens",66085,64946,"europe",1139,0.01739,"not outlier"
"284","National Central University",11021,11101,"asia",-80,-0.00723,"not outlier"
"285","National Cheng Kung University (NCKU)",20215,19932,"asia",283,0.0141,"not outlier"
"286","National Chengchi University",9840,12750,"asia",-2910,-0.25764,"outlier & student qs < the"
"287","National Chung Cheng University",8483,11320,"asia",-2837,-0.28652,"outlier & student qs < the"
"288","National Chung Hsing University",12726,15043,"asia",-2317,-0.16688,"not outlier"
"289","National Dong Hwa University",9734,9907,"asia",-173,-0.01762,"not outlier"
"290","National Research Saratov State University",10153,9746,"europe",407,0.04091,"not outlier"
"291","National Taipei University",7932,8349,"asia",-417,-0.05123,"not outlier"
"292","National Taipei University of Technology",7772,9882,"asia",-2110,-0.23904,"outlier & student qs < the"
"293","National Taiwan Normal University",10468,10455,"asia",13,0.00124,"not outlier"
"294","National Taiwan Ocean University",8036,8838,"asia",-802,-0.09506,"not outlier"
"295","National Taiwan University (NTU)",29467,24810,"asia",4657,0.1716,"not outlier"
"296","National Taiwan University of Science and Technology (Taiwan Tech)",8811,8815,"asia",-4,-0.00045,"not outlier"
"297","National Technical University of Athens",13732,13309,"europe",423,0.03129,"not outlier"
"298","National Tsing Hua University",13001,13827,"asia",-826,-0.06158,"not outlier"
"299","National Yang Ming Chiao Tung University",16834,16870,"asia",-36,-0.00214,"not outlier"
"300","Newcastle University",26923,24630,"europe",2293,0.08896,"not outlier"
"301","Niigata University",12375,12061,"asia",314,0.0257,"not outlier"
"302","North-West University",33887,40262,"africa",-6375,-0.17195,"not outlier"
"303","North Carolina State University",29855,30917,"north_america",-1062,-0.03495,"not outlier"
"304","Northeastern University",21414,20910,"north_america",504,0.02382,"not outlier"
"305","Northern Arizona University",25103,30512,"north_america",-5409,-0.19452,"not outlier"
"306","Northwestern Polytechnical University",30622,31033,"asia",-411,-0.01333,"not outlier"
"307","Northwestern University",19534,18735,"north_america",799,0.04176,"not outlier"
"308","Nottingham Trent University",33073,27218,"europe",5855,0.19422,"outlier & student qs > the"
"309","Novosibirsk State Technical University",11388,11426,"europe",-38,-0.00333,"not outlier"
"310","Novosibirsk State University",7484,7008,"europe",476,0.06569,"not outlier"
"311","Okayama University",13116,13145,"asia",-29,-0.00221,"not outlier"
"312","Oklahoma State University",21409,21626,"north_america",-217,-0.01008,"not outlier"
"313","Osaka City University",8338,8141,"asia",197,0.02391,"not outlier"
"314","Osaka Prefecture University",7710,7724,"asia",-14,-0.00181,"not outlier"
"315","Osaka University",22618,22451,"asia",167,0.00741,"not outlier"
"316","Oxford Brookes University",14579,13117,"europe",1462,0.10557,"not outlier"
"317","Palacky University Olomouc",18673,17818,"europe",855,0.04686,"not outlier"
"318","Panjab University",17361,16047,"asia",1314,0.07866,"not outlier"
"319","Pavol Jozef <U+0160>afarik University in Ko<U+0161>ice",6645,7198,"europe",-553,-0.0799,"not outlier"
"320","Peking University",31990,31606,"asia",384,0.01208,"not outlier"
"321","Plekhanov Russian University of Economics",13777,14450,"europe",-673,-0.04768,"not outlier"
"322","Politecnico di Milano",35419,37680,"europe",-2261,-0.06186,"not outlier"
"323","Pondicherry University",6045,7080,"asia",-1035,-0.15771,"not outlier"
"324","Pontificia Universidade Catolica do Parana",10556,13324,"latin_america",-2768,-0.23183,"outlier & student qs < the"
"325","Portland State University",18230,19576,"north_america",-1346,-0.07121,"not outlier"
"326","Pozna<U+0144> University of Technology",12495,15506,"europe",-3011,-0.21506,"not outlier"
"327","Prince of Songkla University",34330,35735,"asia",-1405,-0.04011,"not outlier"
"328","Princess Nourah bint Abdulrahman University",28535,28535,"asia",0,0,"not outlier"
"329","Princeton University",8305,7753,"north_america",552,0.06875,"not outlier"
"330","Pusan National University",25187,21447,"asia",3740,0.1604,"not outlier"
"331","Qassim University",50054,48543,"asia",1511,0.03065,"not outlier"
"332","Qatar University",9084,8899,"asia",185,0.02057,"not outlier"
"333","Quaid-i-Azam University",15094,16793,"asia",-1699,-0.10656,"not outlier"
"334","Queen Mary University of London",19525,19976,"europe",-451,-0.02283,"not outlier"
"335","Rensselaer Polytechnic Institute",7419,7800,"north_america",-381,-0.05007,"not outlier"
"336","Rice University",7277,6885,"north_america",392,0.05536,"not outlier"
"337","Riga Technical University",10911,10515,"europe",396,0.03696,"not outlier"
"338","Rikkyo University",21040,19946,"asia",1094,0.05338,"not outlier"
"339","Ritsumeikan University",35419,34870,"asia",549,0.01562,"not outlier"
"340","RMIT University",33039,32743,"oceania",296,0.009,"not outlier"
"341","Robert Gordon University",9886,8899,"europe",987,0.10508,"not outlier"
"342","RUDN University",24378,21203,"europe",3175,0.13931,"not outlier"
"343","Russian Presidential Academy of National Economy and Public Administration",45539,15668,"europe",29871,0.97606,"outlier & student qs > the"
"344","RWTH Aachen University",47173,45628,"europe",1545,0.0333,"not outlier"
"345","Ryerson University",33682,35543,"north_america",-1861,-0.05377,"not outlier"
"346","Saint-Petersburg Mining University",8194,7753,"europe",441,0.05531,"not outlier"
"347","Saint Petersburg State University",24746,22751,"europe",1995,0.08401,"not outlier"
"348","Saitama University",8457,8453,"asia",4,0.00047,"not outlier"
"349","Sakarya University",48731,42557,"asia",6174,0.13526,"not outlier"
"350","Samara National Research University (Samara University)",8776,9591,"europe",-815,-0.08875,"not outlier"
"351","San Diego State University",31865,31221,"north_america",644,0.02042,"not outlier"
"352","Sapienza University of Rome",76453,71992,"europe",4461,0.0601,"not outlier"
"353","Satbayev University",9243,9558,"asia",-315,-0.03351,"not outlier"
"354","Savitribai Phule Pune University",4427,5078,"asia",-651,-0.13698,"not outlier"
"355","Sciences Po",11370,12543,"europe",-1173,-0.09811,"not outlier"
"356","Sechenov University",16393,16076,"europe",317,0.01953,"not outlier"
"357","Sejong University",12457,12063,"asia",394,0.03214,"not outlier"
"358","Seoul National University",26646,26871,"asia",-225,-0.00841,"not outlier"
"359","Shanghai Jiao Tong University",38740,36638,"asia",2102,0.05577,"not outlier"
"360","Shanghai University",38213,37347,"asia",866,0.02292,"not outlier"
"361","Sharif University of Technology",8089,8253,"asia",-164,-0.02007,"not outlier"
"362","Sheffield Hallam University",26354,25535,"europe",819,0.03157,"not outlier"
"363","Shenzhen University",37323,36401,"asia",922,0.02501,"not outlier"
"364","Shinshu University",10984,10774,"asia",210,0.0193,"not outlier"
"365","Shiraz University",13470,13572,"asia",-102,-0.00754,"not outlier"
"366","Sichuan University",49543,51121,"asia",-1578,-0.03135,"not outlier"
"367","Silesian University of Technology",17323,18585,"europe",-1262,-0.07029,"not outlier"
"368","Simon Fraser University",25150,27015,"north_america",-1865,-0.0715,"not outlier"
"369","Slovak University of Agriculture in Nitra",5610,5326,"europe",284,0.05194,"not outlier"
"370","Slovak University of Technology in Bratislava",12733,10976,"europe",1757,0.14821,"not outlier"
"371","SOAS University of London",4684,4633,"europe",51,0.01095,"not outlier"
"372","Sogang University",9625,9652,"asia",-27,-0.0028,"not outlier"
"373","Soochow University",48549,46800,"asia",1749,0.03669,"not outlier"
"374","Sophia University",13757,13517,"asia",240,0.0176,"not outlier"
"375","Sorbonne University",42207,42330,"europe",-123,-0.00291,"not outlier"
"376","South China University of Technology",41024,41095,"asia",-71,-0.00173,"not outlier"
"377","Southeast University",36827,35213,"asia",1614,0.04481,"not outlier"
"378","Southern Cross University",9967,11141,"oceania",-1174,-0.11124,"not outlier"
"379","Southern Federal University",17931,18309,"europe",-378,-0.02086,"not outlier"
"380","Stanford University",16164,16319,"north_america",-155,-0.00954,"not outlier"
"381","Stellenbosch University",23260,24733,"africa",-1473,-0.06138,"not outlier"
"382","Stevens Institute of Technology",6224,6265,"north_america",-41,-0.00657,"not outlier"
"383","Stockholm University",27085,28072,"europe",-987,-0.03579,"not outlier"
"384","Suez Canal University",40138,36423,"africa",3715,0.09705,"not outlier"
"385","Sultan Qaboos University",6755,6755,"asia",0,0,"not outlier"
"386","Sumy State University",8030,8472,"europe",-442,-0.05357,"not outlier"
"387","Sun Yat-sen University",58586,56430,"asia",2156,0.03749,"not outlier"
"388","Sungkyunkwan University (SKKU)",22482,23104,"asia",-622,-0.02729,"not outlier"
"389","Suranaree University of Technology",13990,14247,"asia",-257,-0.0182,"not outlier"
"390","Swansea University",17744,17589,"europe",155,0.00877,"not outlier"
"391","Swinburne University of Technology",13478,16186,"oceania",-2708,-0.18258,"not outlier"
"392","Syracuse University",19214,20573,"north_america",-1359,-0.06831,"not outlier"
"393","Tallinn University",6353,4062,"europe",2291,0.43994,"outlier & student qs > the"
"394","Tamkang University",22697,23154,"asia",-457,-0.01993,"not outlier"
"395","Tampere University",15435,15438,"europe",-3,-0.00019,"not outlier"
"396","Tanta University",132788,124548,"africa",8240,0.06404,"not outlier"
"397","Taras Shevchenko National University of Kyiv",24624,23708,"europe",916,0.0379,"not outlier"
"398","Technical University of Cluj-Napoca",19037,18618,"europe",419,0.02225,"not outlier"
"399","Technical University of Darmstadt",15882,16009,"europe",-127,-0.00796,"not outlier"
"400","Technical University of Denmark",9322,9321,"europe",1,0.00011,"not outlier"
"401","Technical University of Liberec",5247,5129,"europe",118,0.02274,"not outlier"
"402","Technical University of Munich",34130,32672,"europe",1458,0.04365,"not outlier"
"403","Technological University Dublin",21363,20479,"europe",884,0.04225,"not outlier"
"404","Tel Aviv University",22728,22809,"asia",-81,-0.00356,"not outlier"
"405","Telkom University",21876,18377,"asia",3499,0.17385,"not outlier"
"406","Temple University",33439,36423,"north_america",-2984,-0.08543,"not outlier"
"407","Texas A&M University",64752,62790,"north_america",1962,0.03077,"not outlier"
"408","Texas Tech University",33996,34018,"north_america",-22,-0.00065,"not outlier"
"409","Thammasat University",28843,28843,"asia",0,0,"not outlier"
"410","The Catholic University of Korea",9091,9840,"asia",-749,-0.07913,"not outlier"
"411","The Hashemite University",18821,16987,"asia",1834,0.10244,"not outlier"
"412","The Hong Kong University of Science and Technology",9583,10147,"asia",-564,-0.05717,"not outlier"
"413","The New School",10145,10379,"north_america",-234,-0.0228,"not outlier"
"414","The University of Alabama",34051,35800,"north_america",-1749,-0.05008,"not outlier"
"415","The University of Queensland",41700,41914,"oceania",-214,-0.00512,"not outlier"
"416","The University of Tokyo",27704,25959,"asia",1745,0.06504,"not outlier"
"417","The University of Western Australia",18535,18683,"oceania",-148,-0.00795,"not outlier"
"418","Tianjin University",27355,27355,"asia",0,0,"not outlier"
"419","Tilburg University",11063,9944,"europe",1119,0.10654,"not outlier"
"420","Tohoku University",17717,17888,"asia",-171,-0.00961,"not outlier"
"421","Tokai University",28535,28535,"asia",0,0,"not outlier"
"422","Tokushima University",7508,7643,"asia",-135,-0.01782,"not outlier"
"423","Tokyo Medical and Dental University (TMDU)",3002,3027,"asia",-25,-0.00829,"not outlier"
"424","Tokyo Metropolitan University",9124,8911,"asia",213,0.02362,"not outlier"
"425","Tokyo University of Agriculture and Technology",5686,5690,"asia",-4,-7e-04,"not outlier"
"426","Tokyo University of Science",18066,18298,"asia",-232,-0.01276,"not outlier"
"427","Tomas Bata University in Zlin",6416,8635,"europe",-2219,-0.29486,"outlier & student qs < the"
"428","Tomsk State University",8184,7724,"europe",460,0.05783,"not outlier"
"429","Ton Duc Thang University",26833,26833,"asia",0,0,"not outlier"
"430","Tongji University",30628,30525,"asia",103,0.00337,"not outlier"
"431","Tsinghua University",39371,38221,"asia",1150,0.02964,"not outlier"
"432","TU Dortmund University",23692,25126,"europe",-1434,-0.05875,"not outlier"
"433","Tufts University",11046,11152,"north_america",-106,-0.00955,"not outlier"
"434","Tulane University",11077,11336,"north_america",-259,-0.02311,"not outlier"
"435","Tunghai University",15160,15547,"asia",-387,-0.02521,"not outlier"
"436","UCL",36903,35760,"europe",1143,0.03146,"not outlier"
"437","Ufa State Aviation Technical University",11092,9277,"europe",1815,0.17821,"not outlier"
"438","Ulm University",10271,10284,"",-13,-0.00126,"not outlier"
"439","Ulsan National Institute of Science and Technology (UNIST)",3849,3657,"asia",192,0.05116,"not outlier"
"440","Ulster University",14732,17416,"europe",-2684,-0.16698,"not outlier"
"441","Umea University",14194,17495,"europe",-3301,-0.20834,"not outlier"
"442","Umm Al-Qura University",30136,30043,"asia",93,0.00309,"not outlier"
"443","United Arab Emirates University",7121,7121,"asia",0,0,"not outlier"
"444","Universidad Autonoma de Chile",27464,27027,"latin_america",437,0.01604,"not outlier"
"445","Universidad Autonoma de Yucatan",16293,17401,"latin_america",-1108,-0.06577,"not outlier"
"446","Universidad Autonoma del Estado de Mexico (UAEMex)",69078,63490,"latin_america",5588,0.0843,"not outlier"
"447","Universidad Nacional del Litoral",45337,45337,"latin_america",0,0,"not outlier"
"448","Universidad Panamericana (UP)",12900,14568,"latin_america",-1668,-0.12145,"not outlier"
"449","Universidad San Ignacio de Loyola",21205,21167,"latin_america",38,0.00179,"not outlier"
"450","Universidad Tecnologica de Bolivar",6036,6965,"latin_america",-929,-0.14291,"not outlier"
"451","Universidade do Estado do Rio de Janeiro (UERJ)",34477,22427,"latin_america",12050,0.42352,"outlier & student qs > the"
"452","Universidade Federal da Bahia",42633,44829,"latin_america",-2196,-0.05022,"not outlier"
"453","Universidade Federal de Santa Catarina",32390,38086,"latin_america",-5696,-0.16164,"not outlier"
"454","Universidade Federal do Ceara (UFC)",33889,36593,"latin_america",-2704,-0.07673,"not outlier"
"455","Universitas Padjadjaran",32529,37497,"asia",-4968,-0.14189,"not outlier"
"456","Universitas Sebelas Maret",28644,27681,"asia",963,0.03419,"not outlier"
"457","Universitat Ramon Llull",17246,14309,"europe",2937,0.18615,"outlier & student qs > the"
"458","Universite de Paris",63219,62366,"europe",853,0.01358,"not outlier"
"459","Universite du Quebec",19934,52387,"north_america",-32453,-0.89747,"outlier & student qs < the"
"460","Universite Grenoble Alpes",52060,50732,"europe",1328,0.02584,"not outlier"
"461","Universite Laval",24309,28662,"north_america",-4353,-0.16435,"not outlier"
"462","Universite Paris-Saclay",40358,40884,"europe",-526,-0.01295,"not outlier"
"463","Universiti Malaysia Perlis",11264,11084,"asia",180,0.01611,"not outlier"
"464","Universiti Malaysia Sarawak (UNIMAS)",13308,14365,"asia",-1057,-0.07639,"not outlier"
"465","Universiti Malaysia Terengganu (UMT)",8644,9296,"asia",-652,-0.07269,"not outlier"
"466","Universiti Teknologi Malaysia",20354,19192,"asia",1162,0.05877,"not outlier"
"467","Universiti Tenaga Nasional (UNITEN)",4713,5644,"asia",-931,-0.17978,"not outlier"
"468","Universiti Tunku Abdul Rahman (UTAR)",17672,17727,"asia",-55,-0.00311,"not outlier"
"469","University College Cork",15768,17397,"europe",-1629,-0.09824,"not outlier"
"470","University College Dublin",21768,23066,"europe",-1298,-0.0579,"not outlier"
"471","University of <U+017D>ilina",7077,7040,"europe",37,0.00524,"not outlier"
"472","University of Aberdeen",13012,13107,"europe",-95,-0.00727,"not outlier"
"473","University of Agriculture, Faisalabad",27789,26990,"asia",799,0.02917,"not outlier"
"474","University of Alberta",34172,33475,"north_america",697,0.02061,"not outlier"
"475","University of Alicante",21854,24760,"europe",-2906,-0.12468,"not outlier"
"476","University of Amsterdam",30541,25556,"europe",4985,0.17773,"not outlier"
"477","University of Antwerp",16184,15347,"europe",837,0.05309,"not outlier"
"478","University of Babylon",26751,24196,"asia",2555,0.1003,"not outlier"
"479","University of Baghdad",69654,69750,"asia",-96,-0.00138,"not outlier"
"480","University of Bahrain",16305,18202,"asia",-1897,-0.10995,"not outlier"
"481","University of Balamand",4234,5020,"asia",-786,-0.16987,"not outlier"
"482","University of Basel",9441,9440,"europe",1,0.00011,"not outlier"
"483","University of Bath",16728,14655,"europe",2073,0.13211,"not outlier"
"484","University of Bayreuth",8090,8541,"europe",-451,-0.05424,"not outlier"
"485","University of Belgrade",97225,94316,"europe",2909,0.03037,"not outlier"
"486","University of Bergen",11918,14327,"europe",-2409,-0.18358,"not outlier"
"487","University of Bern",9688,11556,"europe",-1868,-0.17586,"not outlier"
"488","University of Birmingham",32562,31364,"europe",1198,0.03748,"not outlier"
"489","University of Bordeaux",48651,54346,"europe",-5695,-0.11059,"not outlier"
"490","University of Bradford",8300,8246,"europe",54,0.00653,"not outlier"
"491","University of Brescia",10509,14784,"europe",-4275,-0.33804,"outlier & student qs < the"
"492","University of Brighton",15331,16094,"europe",-763,-0.04856,"not outlier"
"493","University of Bristol",25659,24110,"europe",1549,0.06225,"not outlier"
"494","University of British Columbia",55924,54744,"north_america",1180,0.02133,"not outlier"
"495","University of Bucharest",32650,30096,"europe",2554,0.08141,"not outlier"
"496","University of Calabria",23112,26513,"europe",-3401,-0.13707,"not outlier"
"497","University of Calcutta",15156,19004,"asia",-3848,-0.22529,"outlier & student qs < the"
"498","University of Calgary",31863,33099,"north_america",-1236,-0.03805,"not outlier"
"499","University of California, Davis",34675,37222,"north_america",-2547,-0.07085,"not outlier"
"500","University of California, Irvine",35537,35944,"north_america",-407,-0.01139,"not outlier"
"501","University of California, Riverside",25077,23155,"north_america",1922,0.0797,"not outlier"
"502","University of California, Santa Cruz",19242,19700,"north_america",-458,-0.02352,"not outlier"
"503","University of Cambridge",20383,19681,"europe",702,0.03504,"not outlier"
"504","University of Canberra",10517,9893,"oceania",624,0.06115,"not outlier"
"505","University of Cape Town",21005,21757,"africa",-752,-0.03517,"not outlier"
"506","University of Central Florida",54304,61044,"north_america",-6740,-0.11686,"not outlier"
"507","University of Central Lancashire",20031,17644,"europe",2387,0.12672,"not outlier"
"508","University of Chemistry and Technology, Prague",4006,3842,"europe",164,0.04179,"not outlier"
"509","University of Coimbra",22963,21845,"europe",1118,0.0499,"not outlier"
"510","University of Cologne",31207,32405,"europe",-1198,-0.03767,"not outlier"
"511","University of Colombo",22300,30227,"asia",-7927,-0.30183,"outlier & student qs < the"
"512","University of Colorado Boulder",33504,35491,"north_america",-1987,-0.0576,"not outlier"
"513","University of Connecticut",24946,28024,"north_america",-3078,-0.11622,"not outlier"
"514","University of Copenhagen",30311,30326,"europe",-15,-0.00049,"not outlier"
"515","University of Crete",13832,13620,"europe",212,0.01545,"not outlier"
"516","University of Debrecen",23712,28593,"europe",-4881,-0.18664,"not outlier"
"517","University of Delaware",21747,21916,"north_america",-169,-0.00774,"not outlier"
"518","University of Delhi",25235,25543,"asia",-308,-0.01213,"not outlier"
"519","University of Denver",10054,9624,"north_america",430,0.0437,"not outlier"
"520","University of Derby",15539,14941,"europe",598,0.03924,"not outlier"
"521","University of Dhaka",33360,207118,"asia",-173758,-1.44511,"outlier & student qs < the"
"522","University of Dundee",12936,13016,"europe",-80,-0.00617,"not outlier"
"523","University of East London",12554,10769,"europe",1785,0.15307,"not outlier"
"524","University of Eastern Finland",11913,11688,"europe",225,0.01907,"not outlier"
"525","University of Electronic Science and Technology of China",33428,35342,"asia",-1914,-0.05566,"not outlier"
"526","University of Engineering & Technology (UET) Lahore",13377,13377,"asia",0,0,"not outlier"
"527","University of Florence",35726,36629,"europe",-903,-0.02496,"not outlier"
"528","University of Florida",46120,47007,"north_america",-887,-0.01905,"not outlier"
"529","University of Geneva",17135,17744,"europe",-609,-0.03492,"not outlier"
"530","University of Genoa",22323,23225,"europe",-902,-0.03961,"not outlier"
"531","University of Ghana",37517,43877,"africa",-6360,-0.15628,"not outlier"
"532","University of Glasgow",28249,27625,"europe",624,0.02234,"not outlier"
"533","University of Gothenburg",20689,21033,"europe",-344,-0.01649,"not outlier"
"534","University of Gottingen",30285,30610,"europe",-325,-0.01067,"not outlier"
"535","University of Granada",49856,50604,"europe",-748,-0.01489,"not outlier"
"536","University of Greenwich",16566,14196,"europe",2370,0.15409,"not outlier"
"537","University of Groningen",31070,29440,"europe",1630,0.05388,"not outlier"
"538","University of Guelph",21405,22571,"north_america",-1166,-0.05303,"not outlier"
"539","University of Haifa",15675,16228,"asia",-553,-0.03467,"not outlier"
"540","University of Helsinki",22628,22628,"europe",0,0,"not outlier"
"541","University of Hertfordshire",20519,17771,"europe",2748,0.14354,"not outlier"
"542","University of Hohenheim",8776,8614,"europe",162,0.01863,"not outlier"
"543","University of Houston",37293,47002,"north_america",-9709,-0.23036,"outlier & student qs < the"
"544","University of Hradec Kralove",5144,6344,"europe",-1200,-0.20891,"not outlier"
"545","University of Huddersfield",14818,14349,"europe",469,0.03216,"not outlier"
"546","University of Hull",12724,13438,"europe",-714,-0.05458,"not outlier"
"547","University of Illinois at Urbana-Champaign",45906,47202,"north_america",-1296,-0.02784,"not outlier"
"548","University of International Business and Economics",15708,15985,"asia",-277,-0.01748,"not outlier"
"549","University of Iowa",27922,29591,"north_america",-1669,-0.05804,"not outlier"
"550","University of Johannesburg",18941,28273,"africa",-9332,-0.39531,"outlier & student qs < the"
"551","University of Jyvaskyla",10457,10277,"europe",180,0.01736,"not outlier"
"552","University of Kansas",24377,24581,"north_america",-204,-0.00833,"not outlier"
"553","University of Karachi",43129,43770,"asia",-641,-0.01475,"not outlier"
"554","University of Kent",16530,17282,"europe",-752,-0.04448,"not outlier"
"555","University of Kentucky",27154,26483,"north_america",671,0.02502,"not outlier"
"556","University of Klagenfurt",3477,3173,"europe",304,0.09143,"not outlier"
"557","University of Kragujevac",15717,15717,"europe",0,0,"not outlier"
"558","University of Kufa",24992,28179,"asia",-3187,-0.11988,"not outlier"
"559","University of Latvia",12055,12054,"europe",1,8e-05,"not outlier"
"560","University of Lausanne",13366,13016,"europe",350,0.02653,"not outlier"
"561","University of Leeds",34979,33318,"europe",1661,0.04864,"not outlier"
"562","University of Leicester",14696,15029,"europe",-333,-0.02241,"not outlier"
"563","University of Limerick",13464,14951,"europe",-1487,-0.10466,"not outlier"
"564","University of Lincoln",15452,13925,"europe",1527,0.10396,"not outlier"
"565","University of Lisbon",48404,49198,"europe",-794,-0.01627,"not outlier"
"566","University of Liverpool",26779,25910,"europe",869,0.03299,"not outlier"
"567","University of Ljubljana",37874,37874,"europe",0,0,"not outlier"
"568","University of Macau",10340,9874,"asia",466,0.04611,"not outlier"
"569","University of Malta",8814,10137,"europe",-1323,-0.13962,"not outlier"
"570","University of Manitoba",31309,28888,"north_america",2421,0.08044,"not outlier"
"571","University of Maribor",12241,11732,"europe",509,0.04246,"not outlier"
"572","University of Maryland, Baltimore County",11662,11663,"north_america",-1,-9e-05,"not outlier"
"573","University of Maryland, College Park",37449,34017,"north_america",3432,0.09605,"not outlier"
"574","University of Miami",16166,16479,"north_america",-313,-0.01918,"not outlier"
"575","University of Michigan-Ann Arbor",45651,44663,"north_america",988,0.02188,"not outlier"
"576","University of Milan",49944,44959,"europe",4985,0.10505,"not outlier"
"577","University of Minho",19167,19246,"europe",-79,-0.00411,"not outlier"
"578","University of Miskolc",8024,9069,"europe",-1045,-0.12227,"not outlier"
"579","University of Modena and Reggio Emilia",21393,19907,"europe",1486,0.07196,"not outlier"
"580","University of Mumbai",7019,13196,"asia",-6177,-0.61113,"outlier & student qs < the"
"581","University of Murcia",27373,27067,"europe",306,0.01124,"not outlier"
"582","University of Navarra",11651,11545,"europe",106,0.00914,"not outlier"
"583","University of North Carolina at Charlotte",25308,27133,"north_america",-1825,-0.0696,"not outlier"
"584","University of Notre Dame",12453,12234,"north_america",219,0.01774,"not outlier"
"585","University of Nottingham",33110,31360,"europe",1750,0.05429,"not outlier"
"586","University of Oregon",21241,22034,"north_america",-793,-0.03665,"not outlier"
"587","University of Oslo",17623,21413,"europe",-3790,-0.19418,"not outlier"
"588","University of Ostrava",6935,8570,"europe",-1635,-0.2109,"not outlier"
"589","University of Otago",18723,18690,"oceania",33,0.00176,"not outlier"
"590","University of Ottawa",36670,35791,"north_america",879,0.02426,"not outlier"
"591","University of Oulu",9759,9756,"europe",3,0.00031,"not outlier"
"592","University of Oxford",20889,20835,"europe",54,0.00259,"not outlier"
"593","University of Palermo",28571,31324,"europe",-2753,-0.09193,"not outlier"
"594","University of Pardubice",5115,7329,"europe",-2214,-0.35583,"outlier & student qs < the"
"595","University of Parma",28169,27015,"europe",1154,0.04182,"not outlier"
"596","University of Patras",25974,25870,"europe",104,0.00401,"not outlier"
"597","University of Pecs",16878,17223,"europe",-345,-0.02023,"not outlier"
"598","University of Pennsylvania",21313,21211,"north_america",102,0.0048,"not outlier"
"599","University of Peradeniya",17469,16647,"asia",822,0.04819,"not outlier"
"600","University of Pisa",32656,33780,"europe",-1124,-0.03384,"not outlier"
"601","University of Plymouth",16181,16505,"europe",-324,-0.01983,"not outlier"
"602","University of Porto",28867,33120,"europe",-4253,-0.13722,"not outlier"
"603","University of Portsmouth",22386,21688,"europe",698,0.03167,"not outlier"
"604","University of Pretoria",43861,36337,"africa",7524,0.18764,"outlier & student qs > the"
"605","University of Reading",16196,15433,"europe",763,0.04825,"not outlier"
"606","University of Rhode Island",15114,16615,"north_america",-1501,-0.09461,"not outlier"
"607","University of Rijeka",14009,14423,"europe",-414,-0.02912,"not outlier"
"608","University of Rochester",10177,10177,"north_america",0,0,"not outlier"
"609","University of Salamanca",26965,28269,"europe",-1304,-0.04722,"not outlier"
"610","University of Salerno",25638,25911,"europe",-273,-0.01059,"not outlier"
"611","University of Salford",18569,17448,"europe",1121,0.06225,"not outlier"
"612","University of Saskatchewan",16622,17896,"north_america",-1274,-0.07382,"not outlier"
"613","University of Science and Technology Beijing",24368,27845,"asia",-3477,-0.13319,"not outlier"
"614","University of Science and Technology of China",17922,16718,"asia",1204,0.06952,"not outlier"
"615","University of Seoul",8718,9183,"asia",-465,-0.05195,"not outlier"
"616","University of Sharjah",12411,12370,"asia",41,0.00331,"not outlier"
"617","University of Siena",12115,12772,"europe",-657,-0.0528,"not outlier"
"618","University of South Australia",19593,22377,"oceania",-2784,-0.13267,"not outlier"
"619","University of South Florida",39907,39779,"north_america",128,0.00321,"not outlier"
"620","University of Southampton",21752,21815,"europe",-63,-0.00289,"not outlier"
"621","University of Southern California",31999,42502,"north_america",-10503,-0.28196,"outlier & student qs < the"
"622","University of Southern Queensland",11841,11841,"oceania",0,0,"not outlier"
"623","University of Split",16144,19600,"europe",-3456,-0.19338,"not outlier"
"624","University of St Andrews",9643,9500,"europe",143,0.01494,"not outlier"
"625","University of Stirling",9961,9749,"europe",212,0.02151,"not outlier"
"626","University of Strathclyde",19771,19337,"europe",434,0.02219,"not outlier"
"627","University of Surrey",15875,14455,"europe",1420,0.09364,"not outlier"
"628","University of Sussex",18014,17407,"europe",607,0.03427,"not outlier"
"629","University of Szeged",19422,19108,"europe",314,0.0163,"not outlier"
"630","University of Tartu",10498,9087,"europe",1411,0.14409,"not outlier"
"631","University of Tasmania",13043,18610,"oceania",-5567,-0.35175,"outlier & student qs < the"
"632","University of Technology Sydney",24166,26955,"oceania",-2789,-0.10911,"not outlier"
"633","University of Tehran",44960,43998,"asia",962,0.02163,"not outlier"
"634","University of Texas at Austin",48741,49845,"north_america",-1104,-0.0224,"not outlier"
"635","University of the Basque Country",36999,42869,"europe",-5870,-0.14699,"not outlier"
"636","University of the Philippines",41961,44310,"asia",-2349,-0.05446,"not outlier"
"637","University of the Punjab",26525,27907,"asia",-1382,-0.05078,"not outlier"
"638","University of the Sunshine Coast",17468,10427,"oceania",7041,0.50482,"outlier & student qs > the"
"639","University of the West of England",25109,23322,"europe",1787,0.0738,"not outlier"
"640","University of the Western Cape",18540,23498,"africa",-4958,-0.23588,"outlier & student qs < the"
"641","University of Toronto",77710,75821,"north_america",1889,0.02461,"not outlier"
"642","University of Trento",13876,13782,"europe",94,0.0068,"not outlier"
"643","University of Trieste",16314,16432,"europe",-118,-0.00721,"not outlier"
"644","University of Tsukuba",16431,15853,"asia",578,0.03581,"not outlier"
"645","University of Turin",57661,57586,"europe",75,0.0013,"not outlier"
"646","University of Turku",12669,12851,"europe",-182,-0.01426,"not outlier"
"647","University of Twente",12243,8981,"europe",3262,0.30739,"outlier & student qs > the"
"648","University of Tyumen",11323,10872,"europe",451,0.04064,"not outlier"
"649","University of Ulsan",12916,12872,"asia",44,0.00341,"not outlier"
"650","University of Utah",27299,30794,"north_america",-3495,-0.12032,"not outlier"
"651","University of Vienna",45285,33852,"europe",11433,0.28894,"outlier & student qs > the"
"652","University of Waikato",8489,10617,"oceania",-2128,-0.22276,"outlier & student qs < the"
"653","University of Warsaw",37125,37541,"europe",-416,-0.01114,"not outlier"
"654","University of Washington",43156,52059,"north_america",-8903,-0.18701,"not outlier"
"655","University of Waterloo",35088,33613,"north_america",1475,0.04294,"not outlier"
"656","University of Westminster",17198,16145,"europe",1053,0.06316,"not outlier"
"657","University of Windsor",13315,13853,"north_america",-538,-0.03961,"not outlier"
"658","University of Wisconsin-Madison",40699,39783,"north_america",916,0.02276,"not outlier"
"659","University of Wollongong",18236,18222,"oceania",14,0.00077,"not outlier"
"660","University of Wolverhampton",13964,14527,"europe",-563,-0.03952,"not outlier"
"661","University of Wyoming",10603,10787,"north_america",-184,-0.0172,"not outlier"
"662","University of York",19645,17302,"europe",2343,0.12683,"not outlier"
"663","University of Zagreb",55741,57807,"europe",-2066,-0.03639,"not outlier"
"664","University of Zurich",23285,23714,"europe",-429,-0.01826,"not outlier"
"665","Uppsala University",29063,26917,"europe",2146,0.07667,"not outlier"
"666","Utrecht University",33748,33569,"europe",179,0.00532,"not outlier"
"667","Vanderbilt University",12367,12366,"north_america",1,8e-05,"not outlier"
"668","Verona University",16241,18825,"europe",-2584,-0.14738,"not outlier"
"669","Victoria University",16707,16680,"oceania",27,0.00162,"not outlier"
"670","Victoria University of Wellington",18006,17933,"oceania",73,0.00406,"not outlier"
"671","Vietnam National University, Hanoi",41803,41803,"asia",0,0,"not outlier"
"672","Vilnius University",17341,16815,"europe",526,0.0308,"not outlier"
"673","Virginia Polytechnic Institute and State University",33864,34950,"north_america",-1086,-0.03156,"not outlier"
"674","Voronezh State University",15763,15946,"europe",-183,-0.01154,"not outlier"
"675","Vrije Universiteit Amsterdam",26990,26593,"europe",397,0.01482,"not outlier"
"676","VSB - Technical University of Ostrava",11854,10988,"europe",866,0.07583,"not outlier"
"677","Vytautas Magnus University",7765,7328,"europe",437,0.05791,"not outlier"
"678","Wageningen University & Research",15102,14871,"europe",231,0.01541,"not outlier"
"679","Wake Forest University",8121,8054,"north_america",67,0.00828,"not outlier"
"680","Warsaw University of Technology",21887,25482,"europe",-3595,-0.15179,"not outlier"
"681","Waseda University",43254,47565,"asia",-4311,-0.09494,"not outlier"
"682","Washington State University",27704,29326,"north_america",-1622,-0.05688,"not outlier"
"683","Wayne State University",20343,22598,"north_america",-2255,-0.10503,"not outlier"
"684","Western Michigan University",18612,18211,"north_america",401,0.02178,"not outlier"
"685","Western Sydney University",35641,35766,"oceania",-125,-0.0035,"not outlier"
"686","Western University",28309,28301,"north_america",8,0.00028,"not outlier"
"687","Worcester Polytechnic Institute",5834,5982,"north_america",-148,-0.02505,"not outlier"
"688","Wuhan University",54421,54421,"asia",0,0,"not outlier"
"689","Wuhan University of Technology",51497,53791,"asia",-2294,-0.04358,"not outlier"
"690","Xian Jiaotong University",44568,38879,"asia",5689,0.13635,"not outlier"
"691","Xiamen University",38121,42141,"asia",-4020,-0.10017,"not outlier"
"692","Yale University",9420,13317,"north_america",-3897,-0.34279,"outlier & student qs < the"
"693","Yamaguchi University",10371,10739,"asia",-368,-0.03486,"not outlier"
"694","Yarmouk University",34080,34222,"asia",-142,-0.00416,"not outlier"
"695","Yeungnam University",21204,19589,"asia",1615,0.07918,"not outlier"
"696","Yokohama City University",5087,5054,"asia",33,0.00651,"not outlier"
"697","Yokohama National University",9680,9805,"asia",-125,-0.01283,"not outlier"
"698","York University",43062,43258,"north_america",-196,-0.00454,"not outlier"
"699","Yuan Ze University",8017,8017,"asia",0,0,"not outlier"
"700","Zagazig University",154303,147705,"africa",6598,0.04369,"not outlier"
"701","Zayed University",6885,7844,"asia",-959,-0.13022,"not outlier"
"702","Zhejiang University",39936,40352,"asia",-416,-0.01036,"not outlier"
